item_id,verb_stem,distance_bucket,n_intervening_tokens,context_sentence,correct_prefix,distractor_prefixes,n_candidates,full_original_sentence,intervening_text,sent_id,source_file,correct_logprob,correct_logprob_per_token,distractor_logprobs,best_distractor_logprob,margin,model_prefers_correct,rank,n_candidates,reciprocal_rank
1,kommen,short,1,""" Unsere neuen Produkte kommen gut",an,Recht;auf;aus;daher;davon;dazu;dran;durch;entgegen;frei;gleich;heran;heraus;herein;herum;hierher;hin;hinaus;hinterher;hinzu;hoch;klar;los;mit;nach;näher;raus;rein;unter;vor;voran;vorbei;weg;weiter;wieder;zu;zugute;zurecht;zurück;zusammen;zustande;zuteil;zuvor,44,""" Unsere neuen Produkte kommen gut an "" , sagte Deutschland-Geschäftsführer Frank Steinhoff am heutigen Donnerstag .",gut,hdt-s157082,de_hdt-ud-train-b-1.conllu,-0.18741533160209656,-0.18741533160209656,-16.2173;-7.0218;-6.9869;-9.9415;-11.0992;-10.9927;-10.9339;-6.8882;-11.3158;-15.4532;-11.4553;-11.0059;-10.0801;-9.5370;-9.6511;-13.3521;-9.6521;-10.1230;-12.7207;-11.7543;-13.2501;-8.6764;-10.8062;-6.9006;-8.8617;-12.7010;-9.2932;-8.8635;-7.2021;-9.5346;-4.9455;-11.1333;-6.6504;-10.4630;-10.0645;-7.3746;-14.4063;-7.8409;-10.0767;-9.9003;-11.5108;-18.4427;-14.3829,-4.945521354675293,4.758106023073196,1,1,44,1.0
2,kommen,short,2,Die Polizeiarbeit komme aber nicht,weiter,Recht;an;auf;aus;daher;davon;dazu;dran;durch;entgegen;frei;gleich;heran;heraus;herein;herum;hierher;hin;hinaus;hinterher;hinzu;hoch;klar;los;mit;nach;näher;raus;rein;unter;vor;voran;vorbei;weg;wieder;zu;zugute;zurecht;zurück;zusammen;zustande;zuteil;zuvor,44,"Die Polizeiarbeit komme aber nicht weiter , wenn nach deutschem Recht verbotene Inhalte im Ausland eingestellt werden , wo sie nicht strafbar sind .",aber nicht,hdt-s2505,de_hdt-ud-dev.conllu,-8.514163970947266,-8.514163970947266,-11.7913;-2.5110;-4.7663;-3.3643;-9.3092;-6.1603;-6.3357;-9.8893;-6.5973;-11.0469;-10.2417;-7.7656;-10.3454;-9.3417;-10.7502;-9.4155;-10.0030;-7.6949;-11.2180;-5.6258;-7.7607;-6.8250;-7.5903;-7.5490;-5.3016;-5.3847;-9.2174;-10.2139;-10.0210;-7.0020;-4.5295;-4.6692;-7.1372;-7.5414;-8.1438;-1.1609;-9.3518;-9.0065;-6.3530;-8.6313;-7.6186;-14.8599;-11.2314,-1.160922884941101,-7.3532410860061646,0,25,44,0.04
3,kommen,short,1,"März 1868 , als er unter großem Beifall ausführte , das Konkordat von 1855 komme ihm",vor,Recht;an;auf;aus;daher;davon;dazu;dran;durch;entgegen;frei;gleich;heran;heraus;herein;herum;hierher;hin;hinaus;hinterher;hinzu;hoch;klar;los;mit;nach;näher;raus;rein;unter;voran;vorbei;weg;weiter;wieder;zu;zugute;zurecht;zurück;zusammen;zustande;zuteil;zuvor,44,"März 1868, als er unter großem Beifall ausführte, das Konkordat von 1855 komme ihm vor.",ihm,train-s2913,de_gsd-ud-train.conllu,-3.800354480743408,-3.800354480743408,-7.5481;-6.3655;-5.2184;-6.3044;-5.9915;-11.1762;-7.8120;-13.1458;-5.9243;-2.8361;-9.3589;-6.1436;-10.2511;-9.3931;-12.5625;-13.2955;-9.8130;-9.2460;-13.3060;-11.9541;-8.8655;-6.7601;-10.7149;-12.7075;-5.1455;-5.4092;-7.9194;-13.6262;-10.2589;-5.0536;-10.0510;-11.5384;-11.0740;-8.8952;-4.8217;-2.5171;-3.3453;-10.9443;-6.5262;-10.2069;-9.6789;-7.4784;-6.9318,-2.5171399116516113,-1.2832145690917969,0,4,44,0.25
4,kommen,medium,3,"Auf Autofahrer , die an dem Steuer telefonieren , kommen möglicherweise härtere Strafen",zu,Recht;an;auf;aus;daher;davon;dazu;dran;durch;entgegen;frei;gleich;heran;heraus;herein;herum;hierher;hin;hinaus;hinterher;hinzu;hoch;klar;los;mit;nach;näher;raus;rein;unter;vor;voran;vorbei;weg;weiter;wieder;zugute;zurecht;zurück;zusammen;zustande;zuteil;zuvor,44,"Auf Autofahrer , die am Steuer telefonieren , kommen möglicherweise härtere Strafen zu .",möglicherweise härtere Strafen,hdt-s71923,de_hdt-ud-train-a-2.conllu,-1.0228931903839111,-1.0228931903839111,-13.2178;-8.5842;-3.2887;-8.2889;-8.5562;-7.4116;-6.2252;-6.9346;-6.8748;-8.3420;-10.9228;-10.3124;-6.6786;-8.3464;-9.8591;-9.8175;-13.1706;-7.6236;-11.9124;-9.3788;-5.4905;-9.6087;-13.9710;-11.5289;-7.2313;-6.5708;-11.1214;-8.8391;-9.3089;-7.5342;-8.9514;-11.1611;-8.9993;-10.4607;-10.1390;-10.3487;-6.3516;-13.0142;-7.9634;-8.0276;-8.4142;-10.1590;-11.2484,-3.2887070178985596,2.2658138275146484,1,1,44,1.0
5,kommen,medium,3,Der Begriff Open Source kommt dabei allerdings nicht,vor,Recht;an;auf;aus;daher;davon;dazu;dran;durch;entgegen;frei;gleich;heran;heraus;herein;herum;hierher;hin;hinaus;hinterher;hinzu;hoch;klar;los;mit;nach;näher;raus;rein;unter;voran;vorbei;weg;weiter;wieder;zu;zugute;zurecht;zurück;zusammen;zustande;zuteil;zuvor,44,Der Begriff Open Source kommt dabei allerdings nicht vor .,dabei allerdings nicht,hdt-s59420,de_hdt-ud-train-a-1.conllu,-3.028153896331787,-3.028153896331787,-13.5898;-6.9540;-5.6067;-3.6408;-7.5969;-9.3218;-10.1988;-13.1872;-7.6021;-11.7119;-11.5131;-8.1500;-10.8230;-9.0169;-13.0700;-9.9414;-12.1576;-10.5073;-14.0778;-13.3651;-10.4862;-10.3772;-7.4909;-11.9321;-6.8536;-9.7414;-9.1242;-11.8627;-9.6696;-9.0280;-10.1220;-12.1102;-9.6418;-9.4839;-7.7916;-5.0929;-10.1227;-10.4065;-10.5945;-9.7025;-6.8042;-15.7824;-12.5870,-3.640845775604248,0.6126918792724609,1,1,44,1.0
6,kommen,medium,4,"Die drei Software-Fälscher , die von Microsoft auf über 10 Millionen Mark Schadensersatz verklagt worden waren , kommen mit einem blauen Auge",davon,Recht;an;auf;aus;daher;dazu;dran;durch;entgegen;frei;gleich;heran;heraus;herein;herum;hierher;hin;hinaus;hinterher;hinzu;hoch;klar;los;mit;nach;näher;raus;rein;unter;vor;voran;vorbei;weg;weiter;wieder;zu;zugute;zurecht;zurück;zusammen;zustande;zuteil;zuvor,44,"Die drei Software-Fälscher , die von Microsoft auf über 10 Millionen Mark Schadensersatz verklagt worden waren , kommen mit einem blauen Auge davon .",mit einem blauen Auge,hdt-s51799,de_hdt-ud-train-a-1.conllu,-0.0029252853710204363,-0.0029252853710204363,-16.8852;-13.5192;-12.6616;-6.2680;-12.9027;-12.1519;-16.3482;-8.9018;-17.1543;-12.2962;-16.8194;-15.4086;-10.4348;-17.2924;-12.5481;-18.0888;-15.4577;-14.3069;-15.4222;-15.6046;-15.4983;-11.3336;-14.5471;-12.6971;-10.6227;-19.4103;-11.0308;-16.7913;-13.6008;-13.3076;-12.0363;-14.7437;-9.9112;-11.0365;-9.7764;-11.5384;-18.7083;-12.4865;-11.4733;-16.7258;-16.2054;-22.9155;-16.9243,-6.2679667472839355,6.265041461912915,1,1,44,1.0
7,kommen,long,12,"Das mit dem Slogan "" ME too "" beworbene Programm kommt offensichtlich mit den bei Windows ME auf jedem Laufwerk vorhandenen Restore-Ordnern nicht",klar,Recht;an;auf;aus;daher;davon;dazu;dran;durch;entgegen;frei;gleich;heran;heraus;herein;herum;hierher;hin;hinaus;hinterher;hinzu;hoch;los;mit;nach;näher;raus;rein;unter;vor;voran;vorbei;weg;weiter;wieder;zu;zugute;zurecht;zurück;zusammen;zustande;zuteil;zuvor,44,"Das mit dem Slogan "" ME too "" beworbene Programm kommt offensichtlich mit den bei Windows ME auf jedem Laufwerk vorhandenen Restore-Ordnern nicht klar .",offensichtlich mit den bei Windows ME auf jedem Laufwerk vorhandenen Restore-Ordnern nicht,hdt-s21211,de_hdt-ud-train-a-1.conllu,-0.9517720937728882,-0.9517720937728882,-11.4821;-9.1943;-7.6792;-4.4977;-10.8856;-12.5044;-10.3913;-13.7892;-10.2194;-12.2904;-13.7225;-10.1242;-11.9837;-10.4507;-13.3505;-10.2598;-14.0178;-6.4785;-10.4506;-8.0302;-12.2686;-10.5751;-11.0588;-5.0986;-8.3104;-11.5685;-10.5354;-11.0665;-10.8847;-11.0547;-8.9072;-13.0150;-10.5510;-6.7968;-11.4575;-6.1843;-15.7047;-0.7686;-12.6971;-7.5157;-11.4196;-19.1899;-16.7938,-0.7686399221420288,-0.18313217163085938,0,2,44,0.5
8,kommen,long,9,"Störend kommen hier Rauschen , Übersprechen , Resonanzen und andere Effekte",hinzu,Recht;an;auf;aus;daher;davon;dazu;dran;durch;entgegen;frei;gleich;heran;heraus;herein;herum;hierher;hin;hinaus;hinterher;hoch;klar;los;mit;nach;näher;raus;rein;unter;vor;voran;vorbei;weg;weiter;wieder;zu;zugute;zurecht;zurück;zusammen;zustande;zuteil;zuvor,44,"Störend kommen hier Rauschen , Übersprechen , Resonanzen und andere Effekte hinzu .","hier Rauschen , Übersprechen , Resonanzen und andere Effekte",hdt-s13747,de_hdt-ud-test.conllu,-2.566704273223877,-2.566704273223877,-15.2024;-3.7469;-3.4306;-4.3112;-4.4197;-8.8745;-3.3018;-8.9619;-4.5959;-7.1659;-12.2579;-8.1384;-8.0437;-5.4293;-6.0191;-8.4965;-10.3584;-4.8594;-10.5282;-9.6237;-7.4701;-8.5622;-11.6897;-4.4496;-7.6958;-9.2074;-6.2229;-5.1516;-6.5002;-1.8191;-9.6280;-7.9833;-6.4738;-10.3808;-7.5879;-3.6816;-8.9964;-11.0064;-8.4233;-4.0384;-4.2400;-14.8501;-12.3503,-1.8190733194351196,-0.7476309537887573,0,2,44,0.5
9,kommen,long,12,"Da die Spannung quadratisch in den Verbrauch eingeht , käme der Mobile Pentium III-M bei gleicher Taktrate mit einem Drittel weniger Akkuleistung",aus,Recht;an;auf;daher;davon;dazu;dran;durch;entgegen;frei;gleich;heran;heraus;herein;herum;hierher;hin;hinaus;hinterher;hinzu;hoch;klar;los;mit;nach;näher;raus;rein;unter;vor;voran;vorbei;weg;weiter;wieder;zu;zugute;zurecht;zurück;zusammen;zustande;zuteil;zuvor,44,"Da die Spannung quadratisch in den Verbrauch eingeht , käme der Mobile Pentium III-M bei gleicher Taktrate mit einem Drittel weniger Akkuleistung aus , was ein Vergleich der maximalen Leistungsaufnahme auch bestätigt :",der Mobile Pentium III-M bei gleicher Taktrate mit einem Drittel weniger Akkuleistung,hdt-s188571,de_hdt-ud-train-b-2.conllu,-0.30715927481651306,-0.30715927481651306,-14.0155;-6.0293;-3.8698;-4.5535;-8.1568;-8.1917;-11.9488;-6.3509;-11.8681;-13.0021;-8.3870;-10.9492;-5.1108;-12.0410;-9.9121;-12.4640;-6.0701;-9.6329;-9.4684;-9.5197;-9.8556;-6.7157;-11.4812;-6.2742;-6.6431;-11.3855;-6.0051;-10.1340;-6.8756;-8.0766;-8.3807;-10.6928;-6.8868;-7.5592;-7.0450;-5.8494;-13.2102;-6.3536;-9.1992;-10.7776;-9.8244;-18.1026;-14.0095,-3.8698041439056396,3.5626448690891266,1,1,44,1.0
10,gehen,short,1,Verfassungschützer gehen davon,aus,ab;abwärts;an;auf;aufwärts;auseinander;bergauf;drauf;durch;ein;einher;entgegen;heim;her;herum;hervor;hin;hinaus;hinweg;hoch;los;mit;nach;schief;um;umher;unter;verloren;vonstatten;vor;voran;voraus;vorbei;weg;weiter;zu;zugrunde;zurück;zusammen;über,41,"Verfassungschützer gehen davon aus , dass es rund 800 deutschsprachige Internet-Angebote mit rechtsextremistischen Inhalten gibt .",davon,hdt-s104778,de_hdt-ud-dev.conllu,-0.0023028540890663862,-0.0023028540890663862,-10.3675;-18.8501;-12.3517;-10.7828;-18.8378;-12.7965;-19.2001;-17.3024;-13.3496;-12.1577;-13.2010;-14.4619;-13.4836;-12.8928;-12.7401;-11.9325;-12.2493;-11.2233;-14.9423;-14.0570;-13.0051;-11.4152;-11.6083;-20.4308;-12.5225;-16.4606;-10.9926;-14.8217;-15.9775;-11.7968;-15.7026;-13.0962;-16.4283;-11.8727;-11.4477;-12.0637;-15.3671;-12.6264;-14.6645;-11.5412,-10.367461204528809,10.365158350439742,1,1,41,1.0
11,gehen,short,1,Die Untersuchung geht davon,aus,ab;abwärts;an;auf;aufwärts;auseinander;bergauf;drauf;durch;ein;einher;entgegen;heim;her;herum;hervor;hin;hinaus;hinweg;hoch;los;mit;nach;schief;um;umher;unter;verloren;vonstatten;vor;voran;voraus;vorbei;weg;weiter;zu;zugrunde;zurück;zusammen;über,41,"Die Untersuchung geht davon aus , daß Online-Werbung überdies eher wahrgenommen werde als Werbung im Fernsehen .",davon,hdt-s101616,de_hdt-ud-train-a-2.conllu,-0.0017675028648227453,-0.0017675028648227453,-11.3846;-19.0598;-12.9547;-11.4351;-18.7005;-12.5872;-18.7043;-18.3937;-13.5321;-12.4001;-12.3681;-15.3767;-15.0585;-12.0060;-13.0960;-11.2493;-12.5194;-11.0669;-15.4209;-15.4704;-12.6613;-11.6546;-11.7816;-20.2897;-12.6068;-17.3939;-10.7872;-15.3962;-15.1503;-11.4094;-15.1668;-12.2946;-16.2218;-11.8526;-10.6928;-12.3874;-14.2905;-12.8489;-15.1554;-10.9872,-10.692756652832031,10.690989149967209,1,1,41,1.0
12,gehen,short,1,Aus der heute veröffentlichten Mitteilung geht lediglich,hervor,ab;abwärts;an;auf;aufwärts;aus;auseinander;bergauf;drauf;durch;ein;einher;entgegen;heim;her;herum;hin;hinaus;hinweg;hoch;los;mit;nach;schief;um;umher;unter;verloren;vonstatten;vor;voran;voraus;vorbei;weg;weiter;zu;zugrunde;zurück;zusammen;über,41,"Aus der heute veröffentlichten Mitteilung geht lediglich hervor , dass das Unternehmen den Verkaufsstart der Konsole in Europa im Frühjahr 2002 erwartet .",lediglich,hdt-s66323,de_hdt-ud-train-a-2.conllu,-0.09978871047496796,-0.09978871047496796,-10.6665;-14.0152;-5.6359;-5.5968;-15.3419;-4.5129;-12.3407;-16.7810;-13.3086;-8.3810;-5.3247;-9.2561;-12.7749;-15.3528;-10.0347;-12.5672;-10.8656;-10.1322;-14.6244;-12.1807;-12.3377;-8.3567;-8.9554;-14.9403;-6.3722;-13.9320;-6.9729;-12.3313;-15.9099;-8.9563;-11.4373;-9.1186;-13.9338;-12.0731;-6.9365;-8.5182;-14.2233;-9.8566;-11.6193;-7.2006,-4.512861251831055,4.413072541356087,1,1,41,1.0
13,gehen,medium,7,Hier geht seinem Eigennamen die Bezeichnung Herr der Kronen,voraus,ab;abwärts;an;auf;aufwärts;aus;auseinander;bergauf;drauf;durch;ein;einher;entgegen;heim;her;herum;hervor;hin;hinaus;hinweg;hoch;los;mit;nach;schief;um;umher;unter;verloren;vonstatten;vor;voran;vorbei;weg;weiter;zu;zugrunde;zurück;zusammen;über,41,Hier geht seinem Eigennamen die Bezeichnung Herr der Kronen voraus.,seinem Eigennamen die Bezeichnung Herr der Kronen,train-s5315,de_gsd-ud-train.conllu,-1.5488557815551758,-1.5488557815551758,-6.6184;-13.9503;-4.6297;-2.3264;-13.7725;-4.7993;-10.4796;-13.4238;-8.7532;-7.7795;-3.8199;-4.6085;-2.7796;-11.0017;-7.9236;-11.7283;-6.9452;-8.4523;-12.0958;-9.2305;-10.6207;-5.8920;-6.1539;-2.6566;-13.4186;-6.9135;-11.8630;-5.2725;-5.3254;-11.9161;-6.6270;-4.6711;-8.9983;-6.7072;-6.8547;-3.8130;-6.0787;-4.8007;-7.9370;-5.4966,-2.326371192932129,0.7775154113769531,1,1,41,1.0
14,gehen,medium,4,Gerade in Städten und dichter besiedelten Regionen jedoch gehen immer mehr Feuerwehren dazu,über,ab;abwärts;an;auf;aufwärts;aus;auseinander;bergauf;drauf;durch;ein;einher;entgegen;heim;her;herum;hervor;hin;hinaus;hinweg;hoch;los;mit;nach;schief;um;umher;unter;verloren;vonstatten;vor;voran;voraus;vorbei;weg;weiter;zu;zugrunde;zurück;zusammen,41,"Gerade in Städten und dichter besiedelten Regionen jedoch gehen immer mehr Feuerwehren dazu über, auf die sogenannte stille Alarmierung mittels Funkmeldeempfänger und vereinzelt auch zusätzlich per SMS umzustellen.",immer mehr Feuerwehren dazu,train-s5038,de_gsd-ud-train.conllu,-0.0019042231142520905,-0.0019042231142520905,-13.9938;-21.2821;-13.4182;-11.1385;-23.0399;-12.7245;-17.2244;-23.3289;-20.3920;-15.2168;-12.4946;-14.6824;-15.9665;-17.2389;-15.5809;-17.3178;-17.8906;-14.0639;-15.9494;-16.3895;-14.6614;-15.7134;-12.7956;-13.1298;-17.7021;-15.3713;-18.2270;-11.7169;-15.7775;-18.1665;-13.4057;-15.1647;-17.6438;-15.1650;-14.3610;-13.3843;-12.5120;-19.0629;-10.7864;-17.5581,-10.786370277404785,10.784466054290533,1,1,41,1.0
15,gehen,medium,4,Möglicherweise aber gingen die Araber noch anders,vor,ab;abwärts;an;auf;aufwärts;aus;auseinander;bergauf;drauf;durch;ein;einher;entgegen;heim;her;herum;hervor;hin;hinaus;hinweg;hoch;los;mit;nach;schief;um;umher;unter;verloren;vonstatten;voran;voraus;vorbei;weg;weiter;zu;zugrunde;zurück;zusammen;über,41,Möglicherweise aber gingen die Araber noch anders vor .,die Araber noch anders,hdt-s102448,de_hdt-ud-dev.conllu,-0.19902899861335754,-0.19902899861335754,-10.3208;-20.1932;-3.1429;-6.6536;-17.8941;-8.3750;-12.2716;-18.8772;-12.4052;-8.9155;-10.5384;-10.4577;-11.3119;-12.7307;-10.8493;-8.9257;-11.9864;-10.7802;-9.9533;-11.4176;-11.5983;-11.1635;-2.4715;-8.4943;-14.4006;-5.5040;-12.6565;-9.9869;-14.0082;-10.0059;-6.8296;-10.1315;-12.5032;-11.9453;-8.7827;-6.2551;-10.1289;-11.1845;-11.0275;-7.8900,-2.4714975357055664,2.272468537092209,1,1,41,1.0
16,gehen,long,13,Den Gewinnrückgang aus dem operativen Geschäft geht vor allem auf Preissenkungen in dem Festnetzbereich und hohen Akquisitionskosten für neue Mobilfunkkunden,zurück,ab;abwärts;an;auf;aufwärts;aus;auseinander;bergauf;drauf;durch;ein;einher;entgegen;heim;her;herum;hervor;hin;hinaus;hinweg;hoch;los;mit;nach;schief;um;umher;unter;verloren;vonstatten;vor;voran;voraus;vorbei;weg;weiter;zu;zugrunde;zusammen;über,41,Den Gewinnrückgang aus dem operativen Geschäft geht vor allem auf Preissenkungen im Festnetzbereich und hohen Akquisitionskosten für neue Mobilfunkkunden zurück .,vor allem auf Preissenkungen in dem Festnetzbereich und hohen Akquisitionskosten für neue Mobilfunkkunden,hdt-s38729,de_hdt-ud-train-a-1.conllu,-0.21542321145534515,-0.21542321145534515,-9.8126;-16.5774;-7.0733;-6.5731;-18.3190;-5.8015;-15.0136;-18.0447;-13.9317;-6.5826;-11.1716;-9.7286;-14.0156;-13.0067;-11.6361;-13.9094;-12.0379;-8.4602;-10.8550;-13.3312;-12.8205;-12.6699;-6.1220;-7.7213;-17.0750;-7.6108;-16.8865;-8.3174;-11.9916;-15.6788;-7.9601;-12.8894;-11.7568;-14.0300;-11.1514;-11.0880;-7.4122;-12.6169;-7.1672;-8.6422,-5.801499843597412,5.586076632142067,1,1,41,1.0
17,gehen,long,8,"Für 2001 geht man von einem Geschäftsvolumen von 57,2 Milliarden US-Dollar",aus,ab;abwärts;an;auf;aufwärts;auseinander;bergauf;drauf;durch;ein;einher;entgegen;heim;her;herum;hervor;hin;hinaus;hinweg;hoch;los;mit;nach;schief;um;umher;unter;verloren;vonstatten;vor;voran;voraus;vorbei;weg;weiter;zu;zugrunde;zurück;zusammen;über,41,"Für 2001 geht man von einem Geschäftsvolumen von 57,2 Milliarden US-Dollar aus .","man von einem Geschäftsvolumen von 57,2 Milliarden US-Dollar",hdt-s41544,de_hdt-ud-train-a-1.conllu,-0.3371296226978302,-0.3371296226978302,-9.8155;-13.5802;-6.2158;-6.0243;-10.0465;-13.1450;-14.8158;-16.9661;-6.5442;-10.2056;-12.3716;-11.9069;-10.1461;-9.9137;-13.2142;-11.1756;-10.4439;-10.8131;-12.2816;-11.4490;-13.4102;-5.4114;-6.7844;-18.7427;-9.1007;-15.1607;-7.8908;-12.4453;-17.0178;-8.3132;-15.2110;-8.5455;-15.0686;-11.2330;-9.4169;-8.0030;-12.3659;-10.2591;-10.3547;-7.1498,-5.41139030456543,5.0742606818675995,1,1,41,1.0
18,gehen,long,8,Die Auktion geht nach den Feiertagen an dem 5. Januar 2001,weiter,ab;abwärts;an;auf;aufwärts;aus;auseinander;bergauf;drauf;durch;ein;einher;entgegen;heim;her;herum;hervor;hin;hinaus;hinweg;hoch;los;mit;nach;schief;um;umher;unter;verloren;vonstatten;vor;voran;voraus;vorbei;weg;zu;zugrunde;zurück;zusammen;über,41,Die Auktion geht nach den Feiertagen am 5. Januar 2001 weiter ; das Endergebnis könnte nach Expertenmeinung bereits zwischen dem 12. und dem 20. Januar feststehen .,nach den Feiertagen an dem 5. Januar 2001,hdt-s163563,de_hdt-ud-train-b-1.conllu,-1.3907405138015747,-1.3907405138015747,-3.8255;-13.1482;-3.5319;-4.0181;-12.4804;-5.3812;-11.2043;-13.9212;-14.5125;-6.3857;-8.3635;-11.8578;-8.4125;-10.3777;-14.6470;-10.6662;-10.1859;-11.3173;-10.8846;-15.1874;-8.3876;-3.8819;-3.9688;-5.1297;-11.6456;-2.0011;-14.0039;-5.6260;-9.3279;-9.3944;-8.0185;-9.5717;-11.5127;-7.2217;-9.7411;-3.5966;-11.9001;-6.2015;-9.0221;-4.0857,-2.0011091232299805,0.6103686094284058,1,1,41,1.0
19,stellen,short,1,Schnell stellen sie,fest,ab;an;auf;aus;bereit;dar;ein;entgegen;fertig;frei;gegenüber;gleich;her;heraus;hin;infrage;klar;nach;quer;raus;richtig;sicher;um;vor;zu;zusammen,27,"Schnell stellen sie fest, dass der Doc bereits verstorben ist.",sie,train-s12942,de_gsd-ud-train.conllu,-1.237182855606079,-1.237182855606079,-7.9365;-5.7966;-5.3942;-7.6432;-9.1636;-7.1177;-4.7869;-12.2138;-9.5218;-9.5907;-9.2798;-7.8380;-7.7458;-5.9430;-9.5766;-9.3504;-5.9210;-5.4859;-10.5243;-8.7981;-8.7730;-5.7843;-8.0395;-6.7261;-6.2777;-7.7393,-4.786869049072266,3.5496861934661865,1,1,27,1.0
20,stellen,short,2,Dell stellt neue Business-PCs,vor,ab;an;auf;aus;bereit;dar;ein;entgegen;fertig;fest;frei;gegenüber;gleich;her;heraus;hin;infrage;klar;nach;quer;raus;richtig;sicher;um;zu;zusammen,27,Dell stellt neue Business-PCs vor,neue Business-PCs,hdt-s44161,de_hdt-ud-train-a-1.conllu,-0.9410883188247681,-0.9410883188247681,-7.4783;-6.7414;-3.3139;-4.3602;-6.2192;-8.5865;-8.2562;-13.3597;-8.1012;-9.5252;-11.9252;-11.3473;-10.6842;-4.9983;-7.8803;-8.9639;-12.0063;-12.0219;-6.1204;-11.9720;-9.7783;-12.9608;-12.2646;-8.1381;-6.7318;-6.2896,-3.3138604164123535,2.3727720975875854,1,1,27,1.0
21,stellen,short,1,Deutsche Bank 24 stellt eCash,ein,ab;an;auf;aus;bereit;dar;entgegen;fertig;fest;frei;gegenüber;gleich;her;heraus;hin;infrage;klar;nach;quer;raus;richtig;sicher;um;vor;zu;zusammen,27,Deutsche Bank 24 stellt eCash ein,eCash,hdt-s190397,de_hdt-ud-train-b-2.conllu,-4.3003997802734375,-4.3003997802734375,-5.2995;-5.5913;-4.0541;-6.3576;-4.6091;-6.4584;-8.3076;-9.2259;-7.0442;-9.1010;-6.4825;-6.5037;-8.2313;-9.1766;-9.8291;-11.2642;-10.1229;-5.7293;-11.1952;-12.2443;-9.6649;-5.1632;-8.2883;-4.2709;-6.2856;-6.2959,-4.054088592529297,-0.24631118774414062,0,3,27,0.3333333333333333
22,stellen,medium,3,Mainboards mit dem i860-Chipsatz und zwei 603-poligen Prozessorsockeln für das neue µPGA-603-Gehäuse des Xeon stellen nur wenige Firmen,her,ab;an;auf;aus;bereit;dar;ein;entgegen;fertig;fest;frei;gegenüber;gleich;heraus;hin;infrage;klar;nach;quer;raus;richtig;sicher;um;vor;zu;zusammen,27,Mainboards mit dem i860-Chipsatz und zwei 603-poligen Prozessorsockeln für das neue µPGA-603-Gehäuse des Xeon stellen nur wenige Firmen her .,nur wenige Firmen,hdt-s44039,de_hdt-ud-train-a-1.conllu,-1.5776857137680054,-1.5776857137680054,-6.5372;-5.9779;-3.2912;-3.0633;-4.0246;-4.4635;-5.8855;-10.1989;-3.5906;-8.5072;-9.2408;-9.1232;-9.2024;-7.2209;-6.6617;-6.9687;-9.5949;-4.1270;-10.5561;-9.9728;-8.9922;-7.7455;-6.8727;-1.6465;-6.6643;-7.4371,-1.6465333700180054,0.06884765625,1,1,27,1.0
23,stellen,medium,7,Die Telefonica-Sprecherin stellte zugleich einen Bericht der Zeitung El Pais,richtig,ab;an;auf;aus;bereit;dar;ein;entgegen;fertig;fest;frei;gegenüber;gleich;her;heraus;hin;infrage;klar;nach;quer;raus;sicher;um;vor;zu;zusammen,27,"Die Telefonica-Sprecherin stellte zugleich einen Bericht der Zeitung El Pais richtig , wonach der 66-jährige ehemalige Bundeswirtschaftsminister und FDP-Politiker einen neuen Beratervertrag mit Telefonica geschlossen haben sollte .",zugleich einen Bericht der Zeitung El Pais,hdt-s172708,de_hdt-ud-train-b-2.conllu,-11.534735679626465,-11.534735679626465,-8.6290;-5.0534;-3.7145;-3.5659;-4.7336;-4.8569;-6.8751;-6.7461;-6.0847;-7.5946;-8.6717;-7.0341;-10.4781;-7.1721;-5.1730;-5.8080;-6.8628;-9.3454;-5.5499;-9.2084;-8.1840;-10.9555;-9.2591;-1.0174;-3.7999;-6.5403,-1.0173823833465576,-10.517353296279907,0,27,27,0.037037037037037035
24,stellen,medium,4,Wir stellen zurzeit sogar neue Mitarbeiter,ein,ab;an;auf;aus;bereit;dar;entgegen;fertig;fest;frei;gegenüber;gleich;her;heraus;hin;infrage;klar;nach;quer;raus;richtig;sicher;um;vor;zu;zusammen,27,Wir stellen zurzeit sogar neue Mitarbeiter ein .,zurzeit sogar neue Mitarbeiter,hdt-s65010,de_hdt-ud-train-a-2.conllu,-0.23703144490718842,-0.23703144490718842,-7.2562;-4.2714;-4.2029;-5.1383;-8.4051;-9.5265;-13.4249;-9.5221;-7.4200;-8.9648;-10.3119;-9.9042;-5.9566;-11.2793;-8.9155;-9.6633;-12.2260;-7.1000;-10.7866;-12.3684;-11.9447;-10.4028;-8.2077;-3.7973;-6.6860;-6.7790,-3.7973132133483887,3.5602817684412003,1,1,27,1.0
25,stellen,long,9,Das Grenzdenkmal bei Gompertshausen stellt in dem Wesentlichen einen Teilbereich der DDR - Grenzsicherung,dar,ab;an;auf;aus;bereit;ein;entgegen;fertig;fest;frei;gegenüber;gleich;her;heraus;hin;infrage;klar;nach;quer;raus;richtig;sicher;um;vor;zu;zusammen,27,Das Grenzdenkmal bei Gompertshausen stellt im Wesentlichen einen Teilbereich der DDR - Grenzsicherung dar.,in dem Wesentlichen einen Teilbereich der DDR - Grenzsicherung,train-s5242,de_gsd-ud-train.conllu,-0.3635478913784027,-0.3635478913784027,-6.6890;-4.3447;-4.5204;-3.7426;-9.8198;-8.1820;-11.3675;-11.6470;-6.6810;-9.1836;-6.5693;-11.7587;-6.2977;-7.7722;-9.5878;-12.6724;-10.5446;-4.5152;-8.8849;-12.9257;-13.6185;-8.3875;-6.6807;-5.0762;-6.8143;-8.8516,-3.7425684928894043,3.3790206015110016,1,1,27,1.0
26,stellen,long,11,Anders als auf der CeBIT stellen auf der CeBIT Home vor allem Hersteller von Produkten für Heimanwender,aus,ab;an;auf;bereit;dar;ein;entgegen;fertig;fest;frei;gegenüber;gleich;her;heraus;hin;infrage;klar;nach;quer;raus;richtig;sicher;um;vor;zu;zusammen,27,Anders als auf der CeBIT stellen auf der CeBIT Home vor allem Hersteller von Produkten für Heimanwender aus .,auf der CeBIT Home vor allem Hersteller von Produkten für Heimanwender,hdt-s35352,de_hdt-ud-train-a-1.conllu,-1.328665018081665,-1.328665018081665,-10.0826;-8.0608;-5.5314;-10.2006;-6.6662;-5.5227;-13.2065;-13.4365;-9.3966;-12.3794;-11.0279;-11.5264;-8.4811;-8.7437;-10.0047;-11.2319;-9.3279;-8.5894;-12.1590;-11.7187;-12.4542;-10.0184;-9.9720;-3.4722;-9.1117;-8.6145,-3.4722483158111572,2.143583297729492,1,1,27,1.0
27,stellen,long,9,"Heute stellte AltaVista Deutschland seinen neuen "" freien "" Internet-Zugang FreeIn",vor,ab;an;auf;aus;bereit;dar;ein;entgegen;fertig;fest;frei;gegenüber;gleich;her;heraus;hin;infrage;klar;nach;quer;raus;richtig;sicher;um;zu;zusammen,27,"Heute stellte AltaVista Deutschland seinen neuen "" freien "" Internet-Zugang FreeIn vor .","AltaVista Deutschland seinen neuen "" freien "" Internet-Zugang FreeIn",hdt-s174641,de_hdt-ud-train-b-2.conllu,-10.382287979125977,-10.382287979125977,-11.9419;-10.2783;-11.0268;-11.1084;-14.3168;-14.7871;-8.9396;-16.3654;-19.2725;-10.7737;-16.0714;-15.5708;-15.2641;-17.6865;-13.3129;-14.6972;-19.7630;-15.7761;-10.5686;-18.4638;-16.6379;-14.4744;-13.2997;-12.4713;-9.3868;-11.7613,-8.939571380615234,-1.4427165985107422,0,4,27,0.25
28,geben,short,0,Bürgerinitiative gegen Mobilfunk-Sender gibt,auf,ab;an;aus;bei;bekannt;bekennen;ein;frei;her;heraus;hin;mit;nach;preis;recht;rüber;statt;vor;weiter;wider;wieder;zu;zufrieden;zurück,25,Bürgerinitiative gegen Mobilfunk-Sender gibt auf,,hdt-s69967,de_hdt-ud-train-a-2.conllu,-5.745080471038818,-5.745080471038818,-8.1137;-4.9847;-8.7747;-8.0551;-6.1407;-15.1123;-6.3358;-11.1969;-10.1067;-8.3438;-13.6888;-6.6781;-7.4568;-10.9379;-11.5627;-16.5017;-11.3031;-7.0476;-7.8461;-12.2217;-7.3940;-6.1056;-13.9527;-10.4111,-4.984668254852295,-0.7604122161865234,0,2,25,0.5
29,geben,short,0,"6,2 Prozent gaben",an,ab;auf;aus;bei;bekannt;bekennen;ein;frei;her;heraus;hin;mit;nach;preis;recht;rüber;statt;vor;weiter;wider;wieder;zu;zufrieden;zurück,25,"6,2 Prozent gaben an , ihre Arbeit sei "" ganz erheblich "" behindert worden .",,hdt-s52379,de_hdt-ud-train-a-1.conllu,-0.8077858090400696,-0.8077858090400696,-7.4000;-5.5950;-6.9637;-4.1855;-8.4187;-12.4596;-5.9895;-11.3499;-10.6294;-11.0558;-10.9820;-5.7889;-5.3491;-9.0754;-10.8502;-15.1184;-8.4687;-7.1459;-8.1281;-12.3292;-8.3364;-5.1907;-10.3019;-9.3979,-4.185502052307129,3.3777162432670593,1,1,25,1.0
30,geben,short,0,MSN gab,an,ab;auf;aus;bei;bekannt;bekennen;ein;frei;her;heraus;hin;mit;nach;preis;recht;rüber;statt;vor;weiter;wider;wieder;zu;zufrieden;zurück,25,"MSN gab an , den entsprechenden E-Mail-Account sofort sperren zu wollen .",,hdt-s115346,de_hdt-ud-test.conllu,-4.012488842010498,-4.012488842010498,-7.5594;-6.0567;-7.6758;-7.0390;-5.3576;-14.9666;-5.2790;-11.3137;-9.0597;-7.6057;-11.4222;-6.4232;-7.0692;-10.6019;-10.7666;-14.0486;-10.2358;-5.7843;-8.0893;-11.2337;-7.7731;-5.8166;-12.8721;-9.3481,-5.279031276702881,1.2665424346923828,1,1,25,1.0
31,geben,medium,5,Dies gaben die Firmen an dem Montag,bekannt,ab;an;auf;aus;bei;bekennen;ein;frei;her;heraus;hin;mit;nach;preis;recht;rüber;statt;vor;weiter;wider;wieder;zu;zufrieden;zurück,25,Dies gaben die Firmen am Montag bekannt .,die Firmen an dem Montag,hdt-s53447,de_hdt-ud-train-a-1.conllu,-0.7244929671287537,-0.7244929671287537,-9.8962;-4.0327;-3.7573;-6.5829;-2.8969;-14.8017;-6.8409;-7.6864;-11.5670;-8.8074;-12.6683;-4.1112;-3.4532;-7.3309;-10.9176;-16.3247;-10.6100;-4.3858;-4.4980;-11.1074;-9.4074;-4.8789;-12.0554;-9.4924,-2.8969478607177734,2.1724548935890198,1,1,25,1.0
32,geben,medium,4,Zahlen zu dem Netto-Ergebnis gab Amazon bislang jedoch nicht,bekannt,ab;an;auf;aus;bei;bekennen;ein;frei;her;heraus;hin;mit;nach;preis;recht;rüber;statt;vor;weiter;wider;wieder;zu;zufrieden;zurück,25,Zahlen zum Netto-Ergebnis gab Amazon bislang jedoch nicht bekannt - den endgültigen Geschäftsbericht für das vierte Quartal und das abgelaufene Geschäftsjahr will Amazon am 30. Januar vorstellen .,Amazon bislang jedoch nicht,hdt-s136981,de_hdt-ud-train-b-1.conllu,-0.07920994609594345,-0.07920994609594345,-5.3898;-3.8573;-8.4956;-8.9805;-11.3739;-20.2943;-9.5138;-8.9923;-7.7996;-4.1469;-11.4321;-10.1469;-8.5709;-4.6197;-13.5371;-15.3493;-12.6787;-8.8391;-7.1495;-11.9382;-9.0849;-8.1544;-15.3828;-11.0743,-3.857290029525757,3.7780800834298134,1,1,25,1.0
33,geben,medium,4,An dem 1. Juni gibt der Verlag die Preisträger,bekannt,ab;an;auf;aus;bei;bekennen;ein;frei;her;heraus;hin;mit;nach;preis;recht;rüber;statt;vor;weiter;wider;wieder;zu;zufrieden;zurück,25,Am 1. Juni gibt der Verlag die Preisträger bekannt .,der Verlag die Preisträger,hdt-s117170,de_hdt-ud-test.conllu,-1.1731743812561035,-1.1731743812561035,-8.5635;-5.7581;-3.6242;-4.2812;-6.1047;-15.8251;-7.8140;-7.6174;-12.4068;-5.3707;-13.6400;-5.6196;-7.0680;-7.1779;-11.6930;-18.6747;-10.0312;-6.2038;-9.8158;-12.1423;-7.5811;-7.1927;-15.3889;-10.1999,-3.6241841316223145,2.451009750366211,1,1,25,1.0
34,geben,long,17,British Telecom gibt damit ihren Widerstand gegen den Ankauf des 30-Prozent-Anteils der spanischen Bank Banco Santander Central Hispano durch Vodafone,auf,ab;an;aus;bei;bekannt;bekennen;ein;frei;her;heraus;hin;mit;nach;preis;recht;rüber;statt;vor;weiter;wider;wieder;zu;zufrieden;zurück,25,British Telecom gibt damit ihren Widerstand gegen den Ankauf des 30-Prozent-Anteils der spanischen Bank Banco Santander Central Hispano durch Vodafone auf .,damit ihren Widerstand gegen den Ankauf des 30-Prozent-Anteils der spanischen Bank Banco Santander Central Hispano durch Vodafone,hdt-s110615,de_hdt-ud-dev.conllu,-0.7773527503013611,-0.7773527503013611,-4.3587;-3.7408;-6.2427;-6.6212;-2.9313;-15.1744;-5.5668;-8.8956;-9.4013;-10.3365;-8.3160;-6.9107;-5.6836;-8.3307;-9.8048;-16.8431;-9.6966;-7.9565;-6.0680;-10.1575;-6.2941;-6.0153;-12.5294;-7.2916,-2.931333065032959,2.153980314731598,1,1,25,1.0
35,geben,long,10,"Wollte der von L&H zu diesem Zeitpunkt beauftragte Wirtschaftsprüfer KPMG die vermeintlich getätigten Verkäufe nachvollziehen , so gaben sich einfach die Mitarbeiter des Managements als die entsprechenden Kunden",aus,ab;an;auf;bei;bekannt;bekennen;ein;frei;her;heraus;hin;mit;nach;preis;recht;rüber;statt;vor;weiter;wider;wieder;zu;zufrieden;zurück,25,"Wollte der von L&H zu diesem Zeitpunkt beauftragte Wirtschaftsprüfer KPMG die vermeintlich getätigten Verkäufe nachvollziehen , so gaben sich einfach die Mitarbeiter des Managements als die entsprechenden Kunden aus .",sich einfach die Mitarbeiter des Managements als die entsprechenden Kunden,hdt-s67145,de_hdt-ud-train-a-2.conllu,-0.278055876493454,-0.278055876493454,-9.5352;-7.0847;-6.6983;-4.8488;-7.0827;-13.7352;-8.6020;-9.0256;-8.9052;-6.3343;-7.5621;-5.8535;-8.7180;-8.9252;-11.6832;-14.2295;-9.5660;-6.7487;-8.8491;-9.5387;-7.5359;-2.8487;-8.2946;-9.3369,-2.8486697673797607,2.5706138908863068,1,1,25,1.0
36,geben,long,9,Dies gab heute NSI unter Berufung auf eine Mitteilung der Ermittler,bekannt,ab;an;auf;aus;bei;bekennen;ein;frei;her;heraus;hin;mit;nach;preis;recht;rüber;statt;vor;weiter;wider;wieder;zu;zufrieden;zurück,25,Dies gab heute NSI unter Berufung auf eine Mitteilung der Ermittler bekannt .,heute NSI unter Berufung auf eine Mitteilung der Ermittler,hdt-s111146,de_hdt-ud-dev.conllu,-1.1977510452270508,-1.1977510452270508,-7.3153;-1.5045;-4.9020;-4.4640;-5.4212;-17.3782;-7.0838;-8.0524;-7.6392;-4.8307;-7.8460;-5.9874;-6.4201;-6.7110;-10.7811;-15.6676;-10.3841;-5.4316;-4.0192;-8.9816;-7.5870;-2.2034;-12.5152;-7.9021,-1.5044546127319336,0.3067035675048828,1,1,25,1.0
37,nehmen,short,0,IT-Investitionen nehmen,zu,ab;an;auf;aus;ein;entgegen;ernst;fest;heraus;hin;hinzu;mit;teil;vor;wahr;war;weg;zurück,19,IT-Investitionen nehmen zu,,hdt-s48263,de_hdt-ud-train-a-1.conllu,-1.5765162706375122,-1.5765162706375122,-3.6229;-4.9917;-4.9889;-7.2762;-5.8910;-8.5355;-10.0600;-9.1365;-10.6829;-8.6193;-9.1873;-4.9692;-7.8045;-5.9117;-8.9071;-9.1748;-10.3787;-8.1801,-3.622941017150879,2.0464247465133667,1,1,19,1.0
38,nehmen,short,1,Der Bedarf an 16-MBit-DRAMs nimmt aber,zu,ab;an;auf;aus;ein;entgegen;ernst;fest;heraus;hin;hinzu;mit;teil;vor;wahr;war;weg;zurück,19,"Der Bedarf an 16-MBit-DRAMs nimmt aber zu , weil in tragbaren und in preiswerten Digitalgeräten oft kleinere Hauptspeicher stecken .",aber,hdt-s42753,de_hdt-ud-train-a-1.conllu,-2.88862943649292,-2.88862943649292,-3.5579;-7.4927;-6.2773;-7.8923;-8.3240;-8.1923;-11.0311;-11.8469;-12.9539;-8.2405;-11.4062;-4.2195;-10.2537;-6.9362;-11.0795;-12.4082;-11.4595;-10.2407,-3.5579352378845215,0.6693058013916016,1,1,19,1.0
39,nehmen,short,0,Kritik an UMTS-Versteigerung nimmt,zu,ab;an;auf;aus;ein;entgegen;ernst;fest;heraus;hin;hinzu;mit;teil;vor;wahr;war;weg;zurück,19,Kritik an UMTS-Versteigerung nimmt zu,,hdt-s172165,de_hdt-ud-train-b-2.conllu,-0.9293093681335449,-0.9293093681335449,-3.1446;-5.8161;-5.9070;-8.0256;-6.4640;-9.1345;-9.1129;-10.5510;-11.6262;-9.3449;-10.5850;-5.5369;-8.5964;-7.3941;-9.3634;-10.9022;-10.9199;-8.2897,-3.1446242332458496,2.2153148651123047,1,1,19,1.0
40,nehmen,medium,6,So nähmen sich einige Anbieter zu dem Beispiel,heraus,ab;an;auf;aus;ein;entgegen;ernst;fest;hin;hinzu;mit;teil;vor;wahr;war;weg;zu;zurück,19,"So nähmen sich einige Anbieter zum Beispiel heraus , sämtliche Kundendaten an Dritte weiterzugeben .",sich einige Anbieter zu dem Beispiel,hdt-s118316,de_hdt-ud-test.conllu,-5.595684051513672,-5.595684051513672,-8.4837;-3.4173;-4.9974;-2.1483;-5.1289;-6.8143;-7.2996;-8.1209;-4.9143;-9.0120;-4.6675;-12.0948;-6.7610;-8.5593;-11.4352;-9.9740;-5.0649;-5.0664,-2.1483097076416016,-3.4473743438720703,0,9,19,0.1111111111111111
41,nehmen,medium,7,Insgesamt nahmen 50 Verwaltungen mit Ideen und Vorschlägen daran,teil,ab;an;auf;aus;ein;entgegen;ernst;fest;heraus;hin;hinzu;mit;vor;wahr;war;weg;zu;zurück,19,"Insgesamt nahmen 50 Verwaltungen mit Ideen und Vorschlägen daran teil , berichteten die Veranstalter , das Bundesinnenministerium , die Unternehmensberatung KPMG und der Netzwerkanbieter Cisco Systems am heutigen Dienstag .",50 Verwaltungen mit Ideen und Vorschlägen daran,hdt-s172118,de_hdt-ud-train-b-2.conllu,-0.008532260544598103,-0.008532260544598103,-10.3363;-9.5739;-8.9786;-9.3082;-11.9661;-12.3119;-14.9830;-13.3449;-16.3202;-14.4800;-16.4836;-8.9000;-10.9867;-12.7971;-11.3505;-18.7670;-10.7678;-13.6310,-8.899971961975098,8.8914397014305,1,1,19,1.0
42,nehmen,medium,6,Thile nahm an allen entscheidenden Schlachten der Befreiungskriege,teil,ab;an;auf;aus;ein;entgegen;ernst;fest;heraus;hin;hinzu;mit;vor;wahr;war;weg;zu;zurück,19,Thile nahm an allen entscheidenden Schlachten der Befreiungskriege teil.,an allen entscheidenden Schlachten der Befreiungskriege,train-s4881,de_gsd-ud-train.conllu,-0.28608015179634094,-0.28608015179634094,-7.1474;-6.1504;-5.3869;-8.3079;-8.5880;-11.4978;-13.5632;-10.4310;-12.6592;-11.3508;-15.4973;-5.3236;-7.8639;-11.1444;-9.5636;-13.7888;-8.7512;-12.9885,-5.32358455657959,5.037504404783249,1,1,19,1.0
43,nehmen,long,13,"38 deutsche Banken nahmen , wie die Deutsche Bundesbank berichtet , offenbar nach ersten Auswertungen daran erfolgreich",teil,ab;an;auf;aus;ein;entgegen;ernst;fest;heraus;hin;hinzu;mit;vor;wahr;war;weg;zu;zurück,19,"38 deutsche Banken nahmen , wie die Deutsche Bundesbank berichtet , offenbar nach ersten Auswertungen daran erfolgreich teil :",", wie die Deutsche Bundesbank berichtet , offenbar nach ersten Auswertungen daran erfolgreich",hdt-s96696,de_hdt-ud-train-a-2.conllu,-0.15761271119117737,-0.15761271119117737,-6.0316;-6.5939;-7.1992;-7.4185;-6.6172;-9.4330;-13.5436;-8.4450;-13.6194;-11.8767;-13.5867;-5.5595;-7.6942;-8.9212;-8.0413;-13.0431;-7.4983;-10.2881,-5.559456825256348,5.40184411406517,1,1,19,1.0
44,nehmen,long,9,"An dritter Stelle liegt Yahoo mit knapp 59 Millionen Besuchern , den vierten Rang nimmt mit großem Abstand Lycos mit gut 33 Millionen Sufern",ein,ab;an;auf;aus;entgegen;ernst;fest;heraus;hin;hinzu;mit;teil;vor;wahr;war;weg;zu;zurück,19,"An dritter Stelle liegt Yahoo mit knapp 59 Millionen Besuchern , den vierten Rang nimmt mit großem Abstand Lycos mit gut 33 Millionen Sufern ein .",mit großem Abstand Lycos mit gut 33 Millionen Sufern,hdt-s148879,de_hdt-ud-train-b-1.conllu,-0.22538504004478455,-0.22538504004478455,-3.3631;-5.4671;-5.4262;-5.5175;-9.2510;-16.9362;-8.5875;-8.8533;-9.5750;-9.6158;-5.5109;-8.7635;-4.6839;-10.4509;-12.7286;-11.5687;-7.4348;-8.8598,-3.3630917072296143,3.1377066671848297,1,1,19,1.0
45,nehmen,long,8,Sowinski nahm an vielen wichtigen Gefechten der Kriege gegen Napoleon,teil,ab;an;auf;aus;ein;entgegen;ernst;fest;heraus;hin;hinzu;mit;vor;wahr;war;weg;zu;zurück,19,"Sowinski nahm an vielen wichtigen Gefechten der Kriege gegen Napoleon teil und gewann die Freundschaft seines unmittelbaren Vorgesetzten, des Prinzen August von Preußen.",an vielen wichtigen Gefechten der Kriege gegen Napoleon,train-s13069,de_gsd-ud-train.conllu,-0.7346804738044739,-0.7346804738044739,-7.6554;-4.7256;-4.3812;-8.5459;-9.4015;-9.6445;-13.0126;-9.6773;-11.3618;-9.4067;-11.6859;-4.7503;-6.4542;-11.2322;-9.6352;-13.3351;-7.4618;-11.4622,-4.381199359893799,3.646518886089325,1,1,19,1.0
46,setzen,short,1,Die Kommission entscheidet als Vertragpartner der Registry in dem übrigen auch über eine etwaige Redelegation und setzt damit,um,ab;an;auf;aus;auseinander;drauf;durch;ein;entgegen;fest;fort;frei;gleich;hinzu;hoch;voraus;zu;zurück;zusammen,20,"Die Kommission entscheidet als Vertragpartner der Registry im übrigen auch über eine etwaige Redelegation und setzt damit um , was der Regierungsbeirat der ICANN für alle Länderdomains ( ccTLD ) verlangt .",damit,hdt-s156200,de_hdt-ud-train-b-1.conllu,-9.36520004272461,-9.36520004272461,-9.0788;-7.3777;-5.9453;-7.8916;-10.6382;-13.9791;-6.5046;-3.7147;-10.3792;-6.3145;-8.3257;-10.8682;-7.6933;-12.8563;-11.4361;-6.0001;-7.5602;-12.4020;-8.9321,-3.714725971221924,-5.6504740715026855,0,13,20,0.07692307692307693
47,setzen,short,0,Entsprechende Anfragen setzen,voraus,ab;an;auf;aus;auseinander;drauf;durch;ein;entgegen;fest;fort;frei;gleich;hinzu;hoch;um;zu;zurück;zusammen,20,"Entsprechende Anfragen setzen voraus , dass Einträge im Katalog vorliegen .",,hdt-s10327,de_hdt-ud-test.conllu,-9.130940437316895,-9.130940437316895,-10.5300;-7.3625;-8.0505;-10.0015;-16.2040;-15.0422;-10.5548;-7.6580;-15.1353;-13.3608;-14.6692;-12.9282;-11.1145;-14.0898;-13.5434;-9.0216;-8.2612;-12.9972;-11.6031,-7.362504482269287,-1.7684359550476074,0,6,20,0.16666666666666666
48,setzen,short,2,Das krisengeschüttelte Softwareunternehmen Infomatec setzt seinen Verkleinerungskurs,fort,ab;an;auf;aus;auseinander;drauf;durch;ein;entgegen;fest;frei;gleich;hinzu;hoch;um;voraus;zu;zurück;zusammen,20,Das krisengeschüttelte Softwareunternehmen Infomatec setzt seinen Verkleinerungskurs fort .,seinen Verkleinerungskurs,hdt-s137108,de_hdt-ud-train-b-1.conllu,-0.5914981365203857,-0.5914981365203857,-7.0546;-5.4131;-5.1745;-6.8521;-15.4697;-13.9128;-5.4918;-7.9492;-11.3130;-9.6236;-11.0189;-9.4726;-12.2366;-9.6068;-4.6657;-11.6859;-6.3897;-10.1656;-8.7709,-4.665667533874512,4.074169397354126,1,1,20,1.0
49,setzen,medium,5,Der Personalabbau setzte sich bei der Telekom weiter,fort,ab;an;auf;aus;auseinander;drauf;durch;ein;entgegen;fest;frei;gleich;hinzu;hoch;um;voraus;zu;zurück;zusammen,20,Der Personalabbau setzte sich bei der Telekom weiter fort :,sich bei der Telekom weiter,hdt-s180741,de_hdt-ud-train-b-2.conllu,-0.009877377189695835,-0.009877377189695835,-9.8404;-10.7912;-9.5529;-9.7702;-11.8389;-18.1287;-5.9936;-12.7182;-14.8490;-8.3605;-14.2432;-13.8023;-13.3766;-10.7384;-9.3377;-15.4563;-7.4656;-14.4308;-10.7335,-5.993618965148926,5.98374158795923,1,1,20,1.0
50,setzen,medium,4,Nun setzt IBM eine eigene Kampagne,auf,ab;an;aus;auseinander;drauf;durch;ein;entgegen;fest;fort;frei;gleich;hinzu;hoch;um;voraus;zu;zurück;zusammen,20,"Nun setzt IBM eine eigene Kampagne auf - für Linux natürlich , wie sich angesichts des Engagements von Big Blue für das freie Betriebssystem unschwer vermuten lässt .",IBM eine eigene Kampagne,hdt-s126771,de_hdt-ud-train-b-1.conllu,-2.085017442703247,-2.085017442703247,-6.4314;-4.5494;-6.7549;-11.8425;-10.2572;-5.4260;-3.3535;-10.0061;-10.6969;-5.0866;-9.1362;-9.5735;-8.6006;-9.1102;-2.4522;-8.8621;-4.7412;-9.9274;-7.2997,-2.452235460281372,0.367218017578125,1,1,20,1.0
51,setzen,medium,4,Dafür setzte sie einen automatischen Kanalbohrer,ein,ab;an;auf;aus;auseinander;drauf;durch;entgegen;fest;fort;frei;gleich;hinzu;hoch;um;voraus;zu;zurück;zusammen,20,"Dafür setzte sie einen automatischen Kanalbohrer ein , der die ausgebohrte Erde automatisch hinter sich spült .",sie einen automatischen Kanalbohrer,hdt-s125876,de_hdt-ud-train-b-1.conllu,-0.6132809519767761,-0.6132809519767761,-6.5989;-2.3327;-3.3148;-5.2716;-10.7182;-8.8868;-5.3033;-11.0670;-6.9287;-9.5023;-7.5936;-9.4005;-9.0731;-9.3162;-7.1234;-8.4555;-5.8511;-9.1366;-8.6375,-2.3326852321624756,1.7194042801856995,1,1,20,1.0
52,setzen,long,15,Mit der neu gegründeten Firma New Internet Computer Co. ( NIC ) setzt er jetzt seine bislang von der Industrie verschmähte Idee von dem Netzwerk-Computer in die Praxis,um,ab;an;auf;aus;auseinander;drauf;durch;ein;entgegen;fest;fort;frei;gleich;hinzu;hoch;voraus;zu;zurück;zusammen,20,Mit der neu gegründeten Firma New Internet Computer Co. ( NIC ) setzt er jetzt seine bislang von der Industrie verschmähte Idee vom Netzwerk-Computer in die Praxis um .,er jetzt seine bislang von der Industrie verschmähte Idee von dem Netzwerk-Computer in die Praxis,hdt-s206262,de_hdt-ud-train-b-2.conllu,-0.00960290152579546,-0.00960290152579546,-10.9800;-10.2255;-10.5838;-10.7881;-15.3905;-20.9396;-6.8456;-9.9917;-14.7203;-12.0642;-8.0565;-13.2280;-13.1999;-17.1536;-13.8332;-13.6586;-10.3450;-12.4310;-11.9221,-6.845576763153076,6.835973861627281,1,1,20,1.0
53,setzen,long,8,IBM setzt Kupfer schon seit rund einem Jahr bei PowerPC-Prozessoren,ein,ab;an;auf;aus;auseinander;drauf;durch;entgegen;fest;fort;frei;gleich;hinzu;hoch;um;voraus;zu;zurück;zusammen,20,IBM setzt Kupfer schon seit rund einem Jahr bei PowerPC-Prozessoren ein .,Kupfer schon seit rund einem Jahr bei PowerPC-Prozessoren,hdt-s44313,de_hdt-ud-train-a-1.conllu,-0.22484850883483887,-0.22484850883483887,-6.0914;-6.5653;-5.9154;-7.0705;-15.2001;-11.6949;-7.0288;-12.4494;-10.3380;-9.4261;-8.0055;-10.2672;-11.7857;-9.8963;-7.7767;-6.7891;-7.7007;-10.7500;-10.1179,-5.91538143157959,5.690532922744751,1,1,20,1.0
54,setzen,long,15,Dell setzte in dem Juli täglich Computer in dem Wert von 30 Millionen Dollar über das Internet,ab,an;auf;aus;auseinander;drauf;durch;ein;entgegen;fest;fort;frei;gleich;hinzu;hoch;um;voraus;zu;zurück;zusammen,20,Dell setzte im Juli täglich Computer im Wert von 30 Millionen Dollar über das Internet ab .,in dem Juli täglich Computer in dem Wert von 30 Millionen Dollar über das Internet,hdt-s90081,de_hdt-ud-train-a-2.conllu,-1.1060435771942139,-1.1060435771942139,-4.5435;-3.5390;-4.1022;-7.3898;-12.0259;-5.6404;-1.4667;-9.6614;-6.7716;-6.9365;-3.9140;-11.1481;-8.6500;-7.6601;-2.9306;-6.5856;-4.4651;-6.6384;-4.5633,-1.4667022228240967,0.3606586456298828,1,1,20,1.0
55,ziehen,short,0,Intel zieht,nach,ab;an;aus;davon;durch;ein;gleich;herab;heran;heraus;hin;hoch;mit;um;vor;vorbei;weiter;zurück;zusammen,20,Intel zieht nach :,,hdt-s11011,de_hdt-ud-test.conllu,-3.510054588317871,-3.510054588317871,-6.0366;-4.3140;-4.6228;-7.2961;-6.5444;-4.9324;-7.4046;-13.8197;-10.7611;-9.8004;-9.5691;-8.4164;-3.5611;-5.0691;-5.2061;-9.3636;-4.9086;-6.9036;-7.0462,-3.5610780715942383,0.05102348327636719,1,1,20,1.0
56,ziehen,short,2,Arcor zieht bei DSL-Preisen,nach,ab;an;aus;davon;durch;ein;gleich;herab;heran;heraus;hin;hoch;mit;um;vor;vorbei;weiter;zurück;zusammen,20,Arcor zieht bei DSL-Preisen nach,bei DSL-Preisen,hdt-s200418,de_hdt-ud-train-b-2.conllu,-5.74998664855957,-5.74998664855957,-2.8308;-4.2181;-6.3400;-8.7123;-6.5313;-6.0543;-6.3834;-12.3064;-9.6135;-12.2200;-8.7703;-9.0225;-3.3526;-3.5345;-5.5273;-9.1589;-5.2576;-8.2930;-9.4331,-2.8308334350585938,-2.9191532135009766,0,7,20,0.14285714285714285
57,ziehen,short,2,Nun ziehen sie gemeinsam,weiter,ab;an;aus;davon;durch;ein;gleich;herab;heran;heraus;hin;hoch;mit;nach;um;vor;vorbei;zurück;zusammen,20,"Nun ziehen sie gemeinsam weiter und stoßen auf ein einsames Haus, in dem ein altes Ehepaar lebt.",sie gemeinsam,train-s12312,de_gsd-ud-train.conllu,-3.549602746963501,-3.549602746963501,-5.3798;-3.2623;-4.2867;-6.4145;-2.8652;-3.9181;-10.2429;-12.5602;-8.4518;-9.2413;-6.7942;-7.8234;-2.6523;-2.8818;-4.1124;-4.7664;-6.7988;-5.6577;-7.6912,-2.652252435684204,-0.8973503112792969,0,5,20,0.2
58,ziehen,medium,6,In der Folge zog er in das neugeschaffene Schottische Parlament,ein,ab;an;aus;davon;durch;gleich;herab;heran;heraus;hin;hoch;mit;nach;um;vor;vorbei;weiter;zurück;zusammen,20,In der Folge zog er in das neugeschaffene Schottische Parlament ein und wurde zum stellvertretenden Minister für Housing & Local Government ernannt.,er in das neugeschaffene Schottische Parlament,train-s12242,de_gsd-ud-train.conllu,-0.4223353862762451,-0.4223353862762451,-7.6849;-7.4917;-7.8211;-12.0800;-9.1247;-10.6681;-11.5988;-10.9918;-14.0879;-9.7932;-10.4331;-5.7791;-4.4990;-5.7927;-8.2755;-12.5482;-8.6268;-7.3142;-10.2170,-4.49899959564209,4.076664209365845,1,1,20,1.0
59,ziehen,medium,6,Wie kaum eine andere öffentliche Einrichtung ziehen die verglasten Häuschen Rowdies und Randalierer,an,ab;aus;davon;durch;ein;gleich;herab;heran;heraus;hin;hoch;mit;nach;um;vor;vorbei;weiter;zurück;zusammen,20,Wie kaum eine andere öffentliche Einrichtung ziehen die verglasten Häuschen Rowdies und Randalierer an .,die verglasten Häuschen Rowdies und Randalierer,hdt-s174263,de_hdt-ud-train-b-2.conllu,-0.7778475880622864,-0.7778475880622864,-8.3987;-2.6048;-9.1277;-8.0758;-8.8472;-7.5061;-12.8699;-7.8706;-11.1588;-10.4804;-10.7340;-5.4153;-6.5363;-7.7918;-6.4876;-10.5952;-10.0115;-10.3828;-8.4210,-2.6047556400299072,1.8269080519676208,1,1,20,1.0
60,ziehen,medium,5,Hutchison zieht sich aus Konsortium mit E-Plus,zurück,ab;an;aus;davon;durch;ein;gleich;herab;heran;heraus;hin;hoch;mit;nach;um;vor;vorbei;weiter;zusammen,20,Hutchison zieht sich aus Konsortium mit E-Plus zurück,sich aus Konsortium mit E-Plus,hdt-s35928,de_hdt-ud-train-a-1.conllu,-0.5826157927513123,-0.5826157927513123,-4.0681;-7.5709;-4.2795;-11.5354;-8.4639;-6.5468;-10.2497;-11.3361;-11.5149;-6.2293;-8.6097;-10.5762;-6.8628;-7.6269;-6.7092;-7.5047;-14.3285;-8.9063;-4.0093,-4.009299278259277,3.426683485507965,1,1,20,1.0
61,ziehen,long,8,"Olicom , bislang einer der führenden Herstellern von Geräten und Adaptern für Token-Ring-Netze , zieht sich in einer überraschenden Wendung aus diesem Markt",zurück,ab;an;aus;davon;durch;ein;gleich;herab;heran;heraus;hin;hoch;mit;nach;um;vor;vorbei;weiter;zusammen,20,"Olicom , bislang einer der führenden Herstellern von Geräten und Adaptern für Token-Ring-Netze , zieht sich in einer überraschenden Wendung aus diesem Markt zurück :",sich in einer überraschenden Wendung aus diesem Markt,hdt-s125982,de_hdt-ud-train-b-1.conllu,-0.02138800360262394,-0.02138800360262394,-7.8350;-11.2821;-6.1241;-12.3123;-12.0664;-10.4827;-15.1372;-15.0442;-12.8754;-5.5632;-11.6027;-14.1659;-8.3292;-10.1618;-9.9015;-10.3741;-16.5791;-10.9601;-10.3764,-5.563223838806152,5.541835835203528,1,1,20,1.0
62,ziehen,long,9,Daraufhin zog der Spiegel an dem 10. März in seiner Online-Ausgabe,nach,ab;an;aus;davon;durch;ein;gleich;herab;heran;heraus;hin;hoch;mit;um;vor;vorbei;weiter;zurück;zusammen,20,Daraufhin zog der Spiegel am 10. März in seiner Online-Ausgabe nach :,der Spiegel an dem 10. März in seiner Online-Ausgabe,hdt-s102549,de_hdt-ud-dev.conllu,-4.133481025695801,-4.133481025695801,-6.8545;-5.2673;-4.9644;-5.9535;-6.7018;-2.4818;-7.1228;-10.9849;-9.1529;-8.3784;-7.2580;-8.6078;-3.7355;-6.2378;-4.0499;-9.9309;-5.3618;-4.9121;-8.4653,-2.4817683696746826,-1.6517126560211182,0,4,20,0.25
63,ziehen,long,8,"Der 58jährige zieht sich , wie es hieß , aus Altersgründen",zurück,ab;an;aus;davon;durch;ein;gleich;herab;heran;heraus;hin;hoch;mit;nach;um;vor;vorbei;weiter;zusammen,20,"Der 58jährige zieht sich , wie es hieß , aus Altersgründen zurück .","sich , wie es hieß , aus Altersgründen",hdt-s57074,de_hdt-ud-train-a-1.conllu,-0.9955836534500122,-0.9955836534500122,-6.7664;-6.8378;-0.9704;-8.7919;-9.1711;-6.8022;-10.5376;-12.6062;-13.6033;-9.8261;-7.9941;-11.7988;-6.4639;-4.5364;-6.3452;-7.6192;-15.0914;-8.8211;-9.3990,-0.970429539680481,-0.02515411376953125,0,2,20,0.5
64,machen,short,2,Nishigaki macht sich gerade,auf,aus;bekannt;dicht;fest;frei;her;kaputt;klar;locker;mit;nach;schwer;vor;weiter;wett;zu;zunichte;zunutze,19,Nishigaki macht sich gerade auf zu einer zweiwöchigen Reise zu Investoren in den USA und in Europa .,sich gerade,hdt-s33004,de_hdt-ud-train-a-1.conllu,-1.363282561302185,-1.363282561302185,-4.5402;-8.7689;-9.7579;-8.0944;-7.2303;-7.4572;-7.8007;-7.0180;-9.4562;-3.6342;-5.7693;-7.6565;-5.7266;-8.6711;-13.2110;-4.8441;-16.0146;-10.8689,-3.6342406272888184,2.2709580659866333,1,1,19,1.0
65,machen,short,0,Drei Millionen machen,mit,auf;aus;bekannt;dicht;fest;frei;her;kaputt;klar;locker;nach;schwer;vor;weiter;wett;zu;zunichte;zunutze,19,Drei Millionen machen mit bei SETI@home,,hdt-s94395,de_hdt-ud-train-a-2.conllu,-2.4410219192504883,-2.4410219192504883,-5.1903;-5.4198;-12.3889;-7.6668;-10.8261;-9.4107;-11.1401;-9.9931;-8.8571;-9.8276;-6.2632;-10.4369;-6.3639;-6.9624;-12.2929;-6.3167;-13.6758;-15.5697,-5.190320014953613,2.749298095703125,1,1,19,1.0
66,machen,short,0,Nur IBM macht,mit,auf;aus;bekannt;dicht;fest;frei;her;kaputt;klar;locker;nach;schwer;vor;weiter;wett;zu;zunichte;zunutze,19,Nur IBM macht mit,,hdt-s53518,de_hdt-ud-train-a-1.conllu,-3.5712404251098633,-3.5712404251098633,-5.0439;-4.7028;-8.8587;-7.8728;-9.6461;-10.4488;-10.0973;-10.5533;-6.4462;-10.4882;-5.9748;-11.1508;-4.6509;-5.5472;-12.4960;-6.3616;-13.6057;-14.7250,-4.650853157043457,1.0796127319335938,1,1,19,1.0
67,machen,medium,5,Einen weiteren Grund für den Fusionsdrang der Unternehmen macht Deninger auch bei den Aktionären,aus,auf;bekannt;dicht;fest;frei;her;kaputt;klar;locker;mit;nach;schwer;vor;weiter;wett;zu;zunichte;zunutze,19,Einen weiteren Grund für den Fusionsdrang der Unternehmen macht Deninger auch bei den Aktionären aus .,Deninger auch bei den Aktionären,hdt-s87852,de_hdt-ud-train-a-2.conllu,-0.5191645622253418,-0.5191645622253418,-6.7230;-9.1469;-13.6797;-2.6479;-10.2441;-8.2729;-11.9125;-6.3200;-9.1226;-6.4760;-8.6435;-12.3377;-8.3174;-11.9246;-8.8275;-6.2945;-9.5251;-12.4363,-2.6478610038757324,2.1286964416503906,1,1,19,1.0
68,machen,medium,3,Viag Interkom macht es der Telekom,nach,auf;aus;bekannt;dicht;fest;frei;her;kaputt;klar;locker;mit;schwer;vor;weiter;wett;zu;zunichte;zunutze,19,Viag Interkom macht es der Telekom nach :,es der Telekom,hdt-s154223,de_hdt-ud-train-b-1.conllu,-4.62127685546875,-4.62127685546875,-5.3723;-7.1754;-10.0173;-9.5413;-10.7286;-8.1119;-11.0717;-9.3403;-6.7203;-10.3341;-4.2827;-3.3721;-3.7719;-6.7125;-13.0624;-4.7003;-9.9774;-11.7581,-3.3721234798431396,-1.2491533756256104,0,4,19,0.25
69,machen,medium,7,"Von den 316 Millionen in dem letzten Jahr aus dem Internet gezogenen Musiktiteln gingen 94,5 Prozent unentgeltlich durch die Leitung , und den Löwenanteil ( 228 Millionen Stück ) machten dabei Kopien aus Tauschbörsen à la Napster",aus,auf;bekannt;dicht;fest;frei;her;kaputt;klar;locker;mit;nach;schwer;vor;weiter;wett;zu;zunichte;zunutze,19,"Von den 316 Millionen im letzten Jahr aus dem Internet gezogenen Musiktiteln gingen 94,5 Prozent unentgeltlich durch die Leitung , und den Löwenanteil ( 228 Millionen Stück ) machten dabei Kopien aus Tauschbörsen à la Napster aus .",dabei Kopien aus Tauschbörsen à la Napster,hdt-s195187,de_hdt-ud-train-b-2.conllu,-1.2001326084136963,-1.2001326084136963,-6.3019;-12.2553;-12.3452;-10.5665;-9.4943;-7.2678;-12.4494;-11.4981;-12.3100;-5.2255;-8.6110;-13.8256;-9.3556;-10.7472;-12.8467;-7.2594;-14.0925;-14.4092,-5.225522994995117,4.025390386581421,1,1,19,1.0
70,machen,long,9,"Intel sah den Grund für die gesunkenen Umsatzerwartungen bei der schwachen europäischen Nachfrage für Microprozessoren zu dem Bau von Computern , schließlich mache der PC-Sektor bei Intel einen Absatzanteil von 66 Prozent",aus,auf;bekannt;dicht;fest;frei;her;kaputt;klar;locker;mit;nach;schwer;vor;weiter;wett;zu;zunichte;zunutze,19,"Intel sah den Grund für die gesunkenen Umsatzerwartungen bei der schwachen europäischen Nachfrage für Microprozessoren zum Bau von Computern , schließlich mache der PC-Sektor bei Intel einen Absatzanteil von 66 Prozent aus .",der PC-Sektor bei Intel einen Absatzanteil von 66 Prozent,hdt-s53210,de_hdt-ud-train-a-1.conllu,-0.32375895977020264,-0.32375895977020264,-6.4930;-11.5075;-12.2760;-10.9039;-13.3261;-11.8096;-14.6010;-9.9069;-13.0723;-6.6609;-6.5867;-14.3101;-9.1208;-10.8077;-12.1242;-8.0332;-12.7003;-13.3976,-6.492950439453125,6.169191479682922,1,1,19,1.0
71,machen,long,10,"Japanische Hersteller ( Hitachi , NEC , Fujitsu ) machen in der Top-500-Liste nur einen Anteil von etwa 10 Prozent",aus,auf;bekannt;dicht;fest;frei;her;kaputt;klar;locker;mit;nach;schwer;vor;weiter;wett;zu;zunichte;zunutze,19,"Japanische Hersteller ( Hitachi , NEC , Fujitsu ) machen in der Top-500-Liste nur einen Anteil von etwa 10 Prozent aus - und zum guten Schluss findet man darin auch noch vier Selbstbau-Cluster-Systeme einiger Unis .",in der Top-500-Liste nur einen Anteil von etwa 10 Prozent,hdt-s11146,de_hdt-ud-test.conllu,-0.12462697178125381,-0.12462697178125381,-6.8869;-12.6467;-13.5513;-13.5635;-13.2662;-12.4536;-15.0489;-10.9764;-12.7383;-7.0749;-8.9203;-15.9223;-10.5448;-12.3178;-11.5551;-9.0293;-16.3068;-16.6732,-6.886898994445801,6.762272022664547,1,1,19,1.0
72,machen,long,17,Allein die Lizenzkosten machen etwa ein Drittel der 6 bis 8 Milliarden Mark zu dem Aufbau des landesweiten UMTS-Netzes in Deutschland,aus,auf;bekannt;dicht;fest;frei;her;kaputt;klar;locker;mit;nach;schwer;vor;weiter;wett;zu;zunichte;zunutze,19,Allein die Lizenzkosten machen etwa ein Drittel der 6 bis 8 Milliarden Mark zum Aufbau des landesweiten UMTS-Netzes in Deutschland aus .,etwa ein Drittel der 6 bis 8 Milliarden Mark zu dem Aufbau des landesweiten UMTS-Netzes in Deutschland,hdt-s52440,de_hdt-ud-train-a-1.conllu,-0.10151956975460052,-0.10151956975460052,-6.5787;-13.6252;-15.7532;-12.2296;-10.9740;-9.4760;-13.7967;-14.0145;-10.0291;-7.4583;-7.7216;-9.9572;-8.9495;-12.7406;-8.3845;-8.2890;-11.2936;-11.8452,-6.578709602355957,6.4771900326013565,1,1,19,1.0
73,fallen,short,1,Grund- oder Einwahlgebühren fallen nicht,an,ab;auf;aus;auseinander;durch;ein;flach;heraus;herein;leicht;schwer;um;weg;zu;zurück;zusammen,17,"Grund- oder Einwahlgebühren fallen nicht an , es gibt keine Mindestnutzung .",nicht,hdt-s22554,de_hdt-ud-train-a-1.conllu,-0.0833100825548172,-0.0833100825548172,-8.8066;-6.8350;-9.2035;-13.8568;-9.6734;-8.8709;-13.4994;-13.3663;-12.5452;-13.9200;-12.7000;-9.7823;-9.2203;-7.5664;-11.5875;-10.4771,-6.835040092468262,6.7517300099134445,1,1,17,1.0
74,fallen,short,2,Bei dem Konkurrenten NEC fallen 4000 Arbeitsplätze,weg,ab;an;auf;aus;auseinander;durch;ein;flach;heraus;herein;leicht;schwer;um;zu;zurück;zusammen,17,Beim Konkurrenten NEC fallen 4000 Arbeitsplätze weg .,4000 Arbeitsplätze,hdt-s66342,de_hdt-ud-train-a-2.conllu,-0.27602243423461914,-0.27602243423461914,-4.8890;-3.7864;-4.4656;-5.8479;-9.6681;-4.9503;-9.0240;-8.2207;-7.9309;-12.9396;-9.4107;-10.9227;-7.0197;-7.9249;-8.7865;-7.2653,-3.7863564491271973,3.510334014892578,1,1,17,1.0
75,fallen,short,2,"Datenspionage und Datendiebstahl , Kreditkartenbetrug , Kinderpornografie , Extremismus und Terrorismus fielen dem Außenminister",ein,ab;an;auf;aus;auseinander;durch;flach;heraus;herein;leicht;schwer;um;weg;zu;zurück;zusammen,17,"Datenspionage und Datendiebstahl , Kreditkartenbetrug , Kinderpornografie , Extremismus und Terrorismus fielen dem Außenminister ein .",dem Außenminister,hdt-s102075,de_hdt-ud-dev.conllu,-6.657118320465088,-6.657118320465088,-6.8307;-4.4271;-4.8794;-6.1082;-12.8301;-6.3344;-12.6912;-10.0442;-12.4787;-6.4656;-7.9716;-8.4078;-9.3018;-2.8167;-9.3660;-7.9506,-2.816654682159424,-3.840463638305664,0,7,17,0.14285714285714285
76,fallen,medium,3,Falle das Gutachten positiv,aus,ab;an;auf;auseinander;durch;ein;flach;heraus;herein;leicht;schwer;um;weg;zu;zurück;zusammen,17,"Falle das Gutachten positiv aus , werde Bayern auf jeden Fall Karlsruhe anrufen , sagte Scheufele .",das Gutachten positiv,hdt-s32460,de_hdt-ud-train-a-1.conllu,-0.22192515432834625,-0.22192515432834625,-4.8681;-7.0127;-5.6619;-10.4440;-5.8748;-8.0162;-14.7813;-7.1914;-12.8666;-15.7912;-15.1472;-10.0918;-8.3228;-4.6390;-7.5006;-9.6429,-4.63900899887085,4.417083844542503,1,1,17,1.0
77,fallen,medium,3,"Für die Basis- und Zusatzdienste , die Voicebox und dpa-Schlagzeilen fallen keine monatlichen Gebühren",an,ab;auf;aus;auseinander;durch;ein;flach;heraus;herein;leicht;schwer;um;weg;zu;zurück;zusammen,17,"Für die Basis- und Zusatzdienste , die Voicebox und dpa-Schlagzeilen fallen keine monatlichen Gebühren an .",keine monatlichen Gebühren,hdt-s197593,de_hdt-ud-train-b-2.conllu,-0.050736669450998306,-0.050736669450998306,-6.6016;-7.2927;-8.9267;-13.9131;-9.7867;-8.6550;-13.9785;-12.6350;-13.9940;-14.5137;-14.8928;-10.8956;-9.2854;-8.3099;-12.3805;-10.2656,-6.601550579071045,6.550813909620047,1,1,17,1.0
78,fallen,medium,6,Als Neuerung fällt in der Windows- beziehungsweise KDE-Startleiste zunächst,auf,ab;an;aus;auseinander;durch;ein;flach;heraus;herein;leicht;schwer;um;weg;zu;zurück;zusammen,17,"Als Neuerung fällt in der Windows- beziehungsweise KDE-Startleiste zunächst auf , dass der Benutzer hier auswählt , welche Art von Dokument er öffnen oder erstellen möchte .",in der Windows- beziehungsweise KDE-Startleiste zunächst,hdt-s68632,de_hdt-ud-train-a-2.conllu,-2.155233860015869,-2.155233860015869,-7.6857;-6.4103;-6.5272;-14.7067;-6.2246;-2.5918;-9.9103;-10.5022;-13.0394;-10.1321;-9.7994;-10.3467;-8.7935;-9.3145;-10.8416;-11.0173,-2.591810703277588,0.43657684326171875,1,1,17,1.0
79,fallen,long,13,"Gestern um 7.00 Uhr fiel eine CPU in dem HTTP-Server ( Sun Enterprise 6500 , Solaris 2.7 )",aus,ab;an;auf;auseinander;durch;ein;flach;heraus;herein;leicht;schwer;um;weg;zu;zurück;zusammen,17,"Gestern um 7.00 Uhr fiel eine CPU im HTTP-Server ( Sun Enterprise 6500 , Solaris 2.7 ) aus .","eine CPU in dem HTTP-Server ( Sun Enterprise 6500 , Solaris 2.7 )",hdt-s115777,de_hdt-ud-test.conllu,-0.34468623995780945,-0.34468623995780945,-4.7461;-5.8693;-3.3524;-9.6606;-5.0834;-4.4597;-10.8458;-8.6243;-9.8239;-10.7084;-9.2489;-6.2555;-8.3374;-7.6972;-9.9626;-6.8006,-3.3523690700531006,3.007682830095291,1,1,17,1.0
80,fallen,long,8,Auch der ISDN-Anschluß in Anlagenausführung und der Primärmultiplexanschluß fallen mit 54 respektive 420 Mark pro Monat günstig,aus,ab;an;auf;auseinander;durch;ein;flach;heraus;herein;leicht;schwer;um;weg;zu;zurück;zusammen,17,Auch der ISDN-Anschluß in Anlagenausführung und der Primärmultiplexanschluß fallen mit 54 respektive 420 Mark pro Monat günstig aus .,mit 54 respektive 420 Mark pro Monat günstig,hdt-s77725,de_hdt-ud-train-a-2.conllu,-0.1587645262479782,-0.1587645262479782,-7.9079;-7.1129;-5.9676;-10.4940;-9.4973;-9.1078;-10.4153;-7.7869;-10.2653;-13.6651;-13.0558;-9.7488;-5.5522;-6.8609;-11.2941;-8.5702,-5.5522027015686035,5.393438175320625,1,1,17,1.0
81,fallen,long,27,"Zu der Zeit fallen bei T-Online neben der Grundgebühr und eventuell den Minutenpreisen für den Internet-Zugang Telefonkosten von acht Pfennig in der Hauptzeit und drei bis 4,8 Pfennig in der Nebenzeit",an,ab;auf;aus;auseinander;durch;ein;flach;heraus;herein;leicht;schwer;um;weg;zu;zurück;zusammen,17,"Zur Zeit fallen bei T-Online neben der Grundgebühr und eventuell den Minutenpreisen für den Internet-Zugang Telefonkosten von acht Pfennig in der Hauptzeit und drei bis 4,8 Pfennig in der Nebenzeit an .","bei T-Online neben der Grundgebühr und eventuell den Minutenpreisen für den Internet-Zugang Telefonkosten von acht Pfennig in der Hauptzeit und drei bis 4,8 Pfennig in der Nebenzeit",hdt-s59775,de_hdt-ud-train-a-1.conllu,-0.06081410497426987,-0.06081410497426987,-6.8432;-6.4314;-8.0888;-14.6608;-8.9942;-8.6310;-14.8454;-11.6927;-11.1408;-11.2945;-12.9432;-9.7943;-8.3681;-7.9219;-13.4515;-7.5062,-6.431402206420898,6.370588101446629,1,1,17,1.0
82,laufen,short,0,"Aktion "" Stimm gegen Spam "" läuft",weiter,ab;an;auf;aus;davon;durch;ein;entgegen;heiss;herab;hinaus;hinterher;nach;weg;zu;zuwider,17,"Aktion "" Stimm gegen Spam "" läuft weiter",,hdt-s59903,de_hdt-ud-train-a-1.conllu,-6.014522552490234,-6.014522552490234,-3.9856;-6.0331;-4.3669;-7.3636;-9.9679;-8.6308;-7.1844;-10.4844;-12.6519;-15.9861;-12.8873;-13.3054;-6.2795;-12.2392;-7.0522;-19.0588,-3.9855997562408447,-2.0289227962493896,0,3,17,0.3333333333333333
83,laufen,short,0,Ein Lizenzierungsprogramm für die Hersteller von Player-Software laufe,an,ab;auf;aus;davon;durch;ein;entgegen;heiss;herab;hinaus;hinterher;nach;weg;weiter;zu;zuwider,17,Ein Lizenzierungsprogramm für die Hersteller von Player-Software laufe an .,,hdt-s181719,de_hdt-ud-train-b-2.conllu,-5.172918319702148,-5.172918319702148,-3.4779;-3.1213;-2.0387;-8.0514;-7.0155;-5.9298;-8.5076;-11.0037;-14.0457;-11.1592;-11.5362;-4.4464;-9.7179;-6.7190;-5.0967;-15.8004,-2.038665533065796,-3.1342527866363525,0,6,17,0.16666666666666666
84,laufen,short,0,Vermittlung von ausländischen IT-Spezialisten läuft,an,ab;auf;aus;davon;durch;ein;entgegen;heiss;herab;hinaus;hinterher;nach;weg;weiter;zu;zuwider,17,Vermittlung von ausländischen IT-Spezialisten läuft an,,hdt-s39336,de_hdt-ud-train-a-1.conllu,-4.83087158203125,-4.83087158203125,-5.6660;-3.3612;-5.1104;-8.8735;-6.3270;-5.2992;-8.1213;-9.9876;-13.8702;-10.5611;-10.7379;-4.1416;-9.9386;-5.4380;-5.2043;-13.7043,-3.3611929416656494,-1.4696786403656006,0,3,17,0.3333333333333333
85,laufen,medium,5,Anfang September und dann später in dem Dezember laufen Haltefristen für Telekom-Papiere von VoiceStream-Altaktionären,aus,ab;an;auf;davon;durch;ein;entgegen;heiss;herab;hinaus;hinterher;nach;weg;weiter;zu;zuwider,17,Anfang September und dann später im Dezember laufen Haltefristen für Telekom-Papiere von VoiceStream-Altaktionären aus .,Haltefristen für Telekom-Papiere von VoiceStream-Altaktionären,hdt-s151241,de_hdt-ud-train-b-1.conllu,-0.5143042206764221,-0.5143042206764221,-1.9377;-3.5884;-5.5822;-10.7882;-6.8278;-5.7755;-9.1180;-16.1090;-10.0259;-9.8607;-12.6322;-5.5927;-8.1528;-7.3183;-4.8991;-15.3390,-1.9377031326293945,1.4233989119529724,1,1,17,1.0
86,laufen,medium,5,Läuft die Entwicklung dann nicht darauf,hinaus,ab;an;auf;aus;davon;durch;ein;entgegen;heiss;herab;hinterher;nach;weg;weiter;zu;zuwider,17,"Läuft die Entwicklung dann nicht darauf hinaus , dass der Dumme letztlich der Kunde ist ?",die Entwicklung dann nicht darauf,hdt-s39028,de_hdt-ud-train-a-1.conllu,-0.005496389232575893,-0.005496389232575893,-8.5917;-10.7311;-10.8088;-9.1386;-16.2426;-14.0384;-12.3542;-16.1766;-19.9651;-16.0829;-16.4415;-13.4988;-12.4097;-12.8779;-8.8856;-19.7175,-8.591654777526855,8.58615838829428,1,1,17,1.0
87,laufen,medium,6,Aber die Regulierung laufe derzeit auf ein Oligopol der Netzbetreiber,hinaus,ab;an;auf;aus;davon;durch;ein;entgegen;heiss;herab;hinterher;nach;weg;weiter;zu;zuwider,17,"Aber die Regulierung laufe derzeit auf ein Oligopol der Netzbetreiber hinaus , das sich in den neuen UMTS-Mobilfunksystemen fortzusetzen droht .",derzeit auf ein Oligopol der Netzbetreiber,hdt-s178745,de_hdt-ud-train-b-2.conllu,-0.5699686408042908,-0.5699686408042908,-5.2157;-8.7139;-5.5593;-4.8431;-13.3045;-8.8174;-10.3180;-10.6475;-17.5674;-8.4746;-13.5660;-8.3922;-9.5871;-10.2827;-1.3466;-10.8565,-1.3465609550476074,0.7765923142433167,1,1,17,1.0
88,laufen,long,8,Mit Torpedo Jaroslawl und seinem Stammklub SKA Sankt Petersburg lief er in einer Saison für zwei verschiedene Teams,auf,ab;an;aus;davon;durch;ein;entgegen;heiss;herab;hinaus;hinterher;nach;weg;weiter;zu;zuwider,17,Mit Torpedo Jaroslawl und seinem Stammklub SKA Sankt Petersburg lief er in einer Saison für zwei verschiedene Teams auf.,er in einer Saison für zwei verschiedene Teams,train-s6814,de_gsd-ud-train.conllu,-0.5054951906204224,-0.5054951906204224,-9.1544;-5.7649;-5.8056;-9.9992;-6.7508;-6.4574;-13.9947;-13.4937;-15.9631;-10.1607;-10.6756;-7.2144;-9.4829;-10.4342;-7.0525;-22.7160,-5.764926910400391,5.259431719779968,1,1,17,1.0
89,laufen,long,12,"Nicht nur , dass sich der TimeSink Advertisement Robot nie beendet , er läuft dank Autostart-Eintrag in der Windows-Registry auch nach jedem Rechnerstart auf das neue",an,ab;auf;aus;davon;durch;ein;entgegen;heiss;herab;hinaus;hinterher;nach;weg;weiter;zu;zuwider,17,"Nicht nur , dass sich der TimeSink Advertisement Robot nie beendet , er läuft dank Autostart-Eintrag in der Windows-Registry auch nach jedem Rechnerstart aufs neue an .",dank Autostart-Eintrag in der Windows-Registry auch nach jedem Rechnerstart auf das neue,hdt-s120018,de_hdt-ud-test.conllu,-10.040687561035156,-10.040687561035156,-10.6148;-9.0168;-9.7358;-13.5746;-11.0345;-9.3172;-14.3567;-16.1256;-13.8562;-12.5966;-15.2025;-9.9117;-13.3316;-13.0811;-5.7793;-16.4966,-5.779299259185791,-4.261388301849365,0,6,17,0.16666666666666666
90,laufen,long,11,Nach dem 10. September läuft der Rabatt in Höhe von 400 Mark für Online-Bestellungen des 2-GHz-Systems,aus,ab;an;auf;davon;durch;ein;entgegen;heiss;herab;hinaus;hinterher;nach;weg;weiter;zu;zuwider,17,Nach dem 10. September läuft der Rabatt in Höhe von 400 Mark für Online-Bestellungen des 2-GHz-Systems aus .,der Rabatt in Höhe von 400 Mark für Online-Bestellungen des 2-GHz-Systems,hdt-s45966,de_hdt-ud-train-a-1.conllu,-2.000519275665283,-2.000519275665283,-4.0926;-3.9790;-3.0866;-10.3747;-6.0088;-7.4591;-9.7890;-14.8265;-10.1043;-8.3534;-10.9624;-6.3904;-6.0829;-3.6063;-6.0822;-16.1398,-3.086622714996338,1.0861034393310547,1,1,17,1.0
91,bringen,short,2,Fractal Design ( http://www.fractal.com ) bringt solche Software,ein,ab;an;auf;bei;entgegen;fertig;heraus;hinzu;mit;nah;um;unter;vor;voran;zusammen,16,"Fractal Design ( http://www.fractal.com ) bringt solche Software ein wie das Malprogramm Painter , das naturgetreu das Aussehen von Ölfarben oder Zeichenkreiden nachahmt .",solche Software,hdt-s181838,de_hdt-ud-train-b-2.conllu,-6.302222728729248,-6.302222728729248,-7.0130;-4.8818;-1.3554;-5.5334;-10.4092;-7.7246;-4.8609;-9.0399;-3.2407;-9.8745;-7.3517;-4.2701;-6.6120;-7.2595;-5.3721,-1.3553823232650757,-4.946840405464172,0,8,16,0.125
92,bringen,short,2,Compaq bringt neuen Alpha-Prozessor,heraus,ab;an;auf;bei;ein;entgegen;fertig;hinzu;mit;nah;um;unter;vor;voran;zusammen,16,Compaq bringt neuen Alpha-Prozessor heraus,neuen Alpha-Prozessor,hdt-s116795,de_hdt-ud-test.conllu,-4.0846638679504395,-4.0846638679504395,-7.8831;-5.5999;-1.1798;-7.8875;-7.6225;-11.5383;-10.2240;-9.9936;-1.8701;-13.7198;-7.5440;-6.2283;-7.1793;-8.6492;-8.7093,-1.1797891855239868,-2.9048746824264526,0,3,16,0.3333333333333333
93,bringen,short,2,Eine Single-User-SQL-Datenbank bringt REALbasic ebenfalls,mit,ab;an;auf;bei;ein;entgegen;fertig;heraus;hinzu;nah;um;unter;vor;voran;zusammen,16,Eine Single-User-SQL-Datenbank bringt REALbasic ebenfalls mit .,REALbasic ebenfalls,hdt-s4244,de_hdt-ud-dev.conllu,-0.9764968156814575,-0.9764968156814575,-7.8945;-4.3869;-3.2118;-5.9309;-3.8988;-8.0158;-6.5084;-7.5350;-7.5302;-10.0292;-7.5785;-5.1810;-6.8747;-5.5225;-6.8576,-3.2117910385131836,2.235294222831726,1,1,16,1.0
94,bringen,medium,4,Hier bringt IBM erstmals das Kunststück,fertig,ab;an;auf;bei;ein;entgegen;heraus;hinzu;mit;nah;um;unter;vor;voran;zusammen,16,"Hier bringt IBM erstmals das Kunststück fertig , vier statt bisher drei Magnetscheiben auf so engem Raum unterzubringen .",IBM erstmals das Kunststück,hdt-s25780,de_hdt-ud-train-a-1.conllu,-0.02841915562748909,-0.02841915562748909,-12.8017;-8.0122;-6.6170;-8.4287;-10.0617;-14.2417;-7.1903;-9.9465;-8.0935;-15.0143;-10.3950;-9.6884;-8.1451;-10.1253;-8.8244,-6.6169962882995605,6.5885771326720715,1,1,16,1.0
95,bringen,medium,5,Trotzdem bringt ricardo jetzt eine eigene Mode-Kollekion,heraus,ab;an;auf;bei;ein;entgegen;fertig;hinzu;mit;nah;um;unter;vor;voran;zusammen,16,Trotzdem bringt ricardo jetzt eine eigene Mode-Kollekion heraus :,ricardo jetzt eine eigene Mode-Kollekion,hdt-s178560,de_hdt-ud-train-b-2.conllu,-2.1351566314697266,-2.1351566314697266,-7.4948;-4.0363;-1.5923;-6.2813;-6.7705;-10.1506;-9.5458;-6.4068;-3.0658;-13.0334;-5.7096;-5.1032;-7.5035;-8.3388;-6.1916,-1.5922603607177734,-0.5428962707519531,0,2,16,0.5
96,bringen,medium,4,"Der Reisebranche brachte dies 14,5 Milliarden US-Dollar",ein,ab;an;auf;bei;entgegen;fertig;heraus;hinzu;mit;nah;um;unter;vor;voran;zusammen,16,"Der Reisebranche brachte dies 14,5 Milliarden US-Dollar ein .","dies 14,5 Milliarden US-Dollar",hdt-s65820,de_hdt-ud-train-a-2.conllu,-1.2870466709136963,-1.2870466709136963,-8.1146;-2.6865;-6.5307;-6.8783;-11.1774;-14.0182;-11.4557;-8.5467;-7.0107;-15.0964;-9.2922;-8.9547;-9.2059;-12.2443;-8.4801,-2.6865313053131104,1.399484634399414,1,1,16,1.0
97,bringen,long,10,In das gemeinsame Joint-Venture mit einem Wert von 250 Millionen Honkong-Dollar ( rund 68 Millionen Mark ) bringen die beiden Partner ihre existierenden Fabriken in der Volksrepublik China,ein,ab;an;auf;bei;entgegen;fertig;heraus;hinzu;mit;nah;um;unter;vor;voran;zusammen,16,In das gemeinsame Joint-Venture mit einem Wert von 250 Millionen Honkong-Dollar ( rund 68 Millionen Mark ) bringen die beiden Partner ihre existierenden Fabriken in der Volksrepublik China ein .,die beiden Partner ihre existierenden Fabriken in der Volksrepublik China,hdt-s43837,de_hdt-ud-train-a-1.conllu,-1.7919834852218628,-1.7919834852218628,-9.4951;-6.8976;-6.5095;-6.6849;-12.8632;-13.4938;-11.3991;-7.5859;-2.2193;-12.8057;-7.6040;-6.0763;-9.2172;-11.4620;-5.8353,-2.2193422317504883,0.4273587465286255,1,1,16,1.0
98,bringen,long,12,Doch auch Intel bleibt nicht untätig und brachte erst vor kurzem eine Low-Voltage-Version des Mobile Pentium III mit 700 MHz,heraus,ab;an;auf;bei;ein;entgegen;fertig;hinzu;mit;nah;um;unter;vor;voran;zusammen,16,"Doch auch Intel bleibt nicht untätig und brachte erst vor kurzem eine Low-Voltage-Version des Mobile Pentium III mit 700 MHz heraus , die mit gerade mal 10 Watt im Normalbetrieb auskommt .",erst vor kurzem eine Low-Voltage-Version des Mobile Pentium III mit 700 MHz,hdt-s186700,de_hdt-ud-train-b-2.conllu,-1.8749656677246094,-1.8749656677246094,-7.1848;-4.3043;-1.0431;-5.8669;-5.7883;-11.7593;-8.5567;-10.2864;-5.0648;-14.7014;-9.1738;-6.5691;-5.2902;-8.9639;-8.3750,-1.0430870056152344,-0.831878662109375,0,2,16,0.5
99,bringen,long,9,MainboardsChipsatz-TreiberAMD bringt für den Irongate-Chipsatz direkt einen ganzen Haufen neuer Treiber,heraus,ab;an;auf;bei;ein;entgegen;fertig;hinzu;mit;nah;um;unter;vor;voran;zusammen,16,MainboardsChipsatz-TreiberAMD bringt für den Irongate-Chipsatz direkt einen ganzen Haufen neuer Treiber heraus :,für den Irongate-Chipsatz direkt einen ganzen Haufen neuer Treiber,hdt-s145828,de_hdt-ud-train-b-1.conllu,-1.5153659582138062,-1.5153659582138062,-9.2033;-5.7324;-1.9117;-8.1638;-8.0938;-9.3349;-9.2123;-7.4861;-1.4920;-13.8445;-9.0448;-5.1145;-8.2943;-8.1145;-7.1623,-1.492031455039978,-0.023334503173828125,0,2,16,0.5
100,schlagen,short,0,Er schlägt,vor,an;auf;aus;drauf;durch;ein;entgegen;fehl;herum;los;nieder;weiter;zu;zurück;zusammen,16,"Er schlägt vor , die persönlichen Daten von Internetnutzern als persönliches Eigentum unter entsprechend hohen Schutz zu stellen und nicht freiwilligen Vereinbarungen der Netzbetreiber und Dienstanbieter zu überlassen .",,hdt-s198873,de_hdt-ud-train-b-2.conllu,-1.3893446922302246,-1.3893446922302246,-5.4279;-4.7582;-6.3406;-9.8550;-7.4736;-3.9001;-9.1682;-8.7119;-10.9722;-10.3511;-10.7351;-6.9780;-4.6607;-6.4992;-8.2228,-3.900111675262451,2.5107669830322266,1,1,16,1.0
101,schlagen,short,2,"So sollte etwa der Kauf von Schüler-PCs von der Bundesregierung steuerlich gefördert werden , schlug der Branchenverband",vor,an;auf;aus;drauf;durch;ein;entgegen;fehl;herum;los;nieder;weiter;zu;zurück;zusammen,16,"So sollte etwa der Kauf von Schüler-PCs von der Bundesregierung steuerlich gefördert werden , schlug der Branchenverband vor .",der Branchenverband,hdt-s156445,de_hdt-ud-train-b-1.conllu,-4.595188617706299,-4.595188617706299,-7.5751;-7.3707;-8.7425;-14.2950;-9.4822;-7.4078;-10.0416;-13.3275;-13.9016;-12.8830;-12.0408;-9.4899;-8.8323;-11.8124;-8.0816,-7.3707146644592285,2.7755260467529297,1,1,16,1.0
102,schlagen,short,0,"Robin Gape , der Vorsitzende der Arbeitsgruppe SEC LI , schlug",vor,an;auf;aus;drauf;durch;ein;entgegen;fehl;herum;los;nieder;weiter;zu;zurück;zusammen,16,"Robin Gape , der Vorsitzende der Arbeitsgruppe SEC LI , schlug vor , den Betreiber der US-Website Cryptome , wo einige nicht zur Publikation bestimmte Dokumente von SEC LI erhältlich sind , durch ETSI-Anwälte auffordern zu lassen , die Dokumente vom Netz zu nehmen .",,hdt-s96503,de_hdt-ud-train-a-2.conllu,-0.620392918586731,-0.620392918586731,-6.8762;-5.0118;-7.9812;-13.1383;-9.2568;-4.6275;-10.5435;-11.4808;-13.1723;-12.8067;-14.4560;-8.0312;-6.4832;-8.3114;-8.0685,-4.627533912658691,4.0071409940719604,1,1,16,1.0
103,schlagen,medium,4,Anoto schlägt aber noch andere Anwenungen,vor,an;auf;aus;drauf;durch;ein;entgegen;fehl;herum;los;nieder;weiter;zu;zurück;zusammen,16,Anoto schlägt aber noch andere Anwenungen vor :,aber noch andere Anwenungen,hdt-s113484,de_hdt-ud-test.conllu,-0.31159064173698425,-0.31159064173698425,-3.3553;-4.6464;-5.5242;-10.1615;-6.9308;-5.4722;-9.5033;-9.9358;-11.9971;-13.5103;-10.7402;-11.3687;-5.9593;-8.8596;-10.5469,-3.3553414344787598,3.0437507927417755,1,1,16,1.0
104,schlagen,medium,3,Der Verband schlägt den Unternehmen zudem,vor,an;auf;aus;drauf;durch;ein;entgegen;fehl;herum;los;nieder;weiter;zu;zurück;zusammen,16,"Der Verband schlägt den Unternehmen zudem vor , den Kunden die Möglichkeit einzuräumen , sich selbst aus dem Mail-Verteiler austragen zu können .",den Unternehmen zudem,hdt-s66510,de_hdt-ud-train-a-2.conllu,-0.5036396384239197,-0.5036396384239197,-7.4893;-6.4116;-8.0487;-15.2218;-8.3995;-3.2478;-8.4316;-11.3852;-15.3409;-16.9117;-12.1058;-7.7626;-6.6168;-13.0025;-9.9486,-3.2477879524230957,2.744148313999176,1,1,16,1.0
105,schlagen,medium,5,"Eine solche Abgabe könnte rund 15 Mark pro Monat betragen , sei dann aber von allen volljährigen Bürgern zu entrichten , schlägt der Baden-Württembergische CDU-Fraktionschef Günther Oettinger",vor,an;auf;aus;drauf;durch;ein;entgegen;fehl;herum;los;nieder;weiter;zu;zurück;zusammen,16,"Eine solche Abgabe könnte rund 15 Mark pro Monat betragen , sei dann aber von allen volljährigen Bürgern zu entrichten , schlägt der Baden-Württembergische CDU-Fraktionschef Günther Oettinger vor .",der Baden-Württembergische CDU-Fraktionschef Günther Oettinger,hdt-s113385,de_hdt-ud-test.conllu,-0.2916374206542969,-0.2916374206542969,-7.2929;-5.3943;-7.1210;-13.1101;-8.4324;-7.1032;-8.1558;-12.4986;-11.9712;-12.7884;-11.2611;-9.9010;-7.4757;-8.4718;-8.7324,-5.394344329833984,5.1027069091796875,1,1,16,1.0
106,schlagen,long,17,In dieser Rechnung schlägt sich auch der Übernahmeversuch der deutschen Mannesmann AG durch die britische Vodafone AirTouch mit 148 Milliarden US-Dollar,nieder,an;auf;aus;drauf;durch;ein;entgegen;fehl;herum;los;vor;weiter;zu;zurück;zusammen,16,In dieser Rechnung schlägt sich auch der Übernahmeversuch der deutschen Mannesmann AG durch die britische Vodafone AirTouch mit 148 Milliarden US-Dollar nieder .,sich auch der Übernahmeversuch der deutschen Mannesmann AG durch die britische Vodafone AirTouch mit 148 Milliarden US-Dollar,hdt-s80545,de_hdt-ud-train-a-2.conllu,-0.2549082040786743,-0.2549082040786743,-6.0028;-5.4883;-4.9495;-13.1827;-6.4590;-8.0167;-10.2232;-9.7912;-9.5557;-12.6830;-9.1147;-10.4794;-4.5825;-7.8341;-8.4531,-4.5824666023254395,4.327558398246765,1,1,16,1.0
107,schlagen,long,9,Stattdessen schlug der Konzern gewisse Beschränkungen und Regeln für seine Geschäftspolitik,vor,an;auf;aus;drauf;durch;ein;entgegen;fehl;herum;los;nieder;weiter;zu;zurück;zusammen,16,Stattdessen schlug der Konzern gewisse Beschränkungen und Regeln für seine Geschäftspolitik vor .,der Konzern gewisse Beschränkungen und Regeln für seine Geschäftspolitik,hdt-s180524,de_hdt-ud-train-b-2.conllu,-0.46812164783477783,-0.46812164783477783,-4.9538;-2.6860;-4.7010;-11.6291;-4.5968;-6.6727;-7.5760;-12.6640;-12.2117;-12.9112;-7.4929;-10.7141;-6.2020;-9.0542;-8.8295,-2.6859655380249023,2.2178438901901245,1,1,16,1.0
108,schlagen,long,11,Offensichtlich schlug die Flaute in dem PC-Geschäft der letzten Monate bei Gateway voll,zu,an;auf;aus;drauf;durch;ein;entgegen;fehl;herum;los;nieder;vor;weiter;zurück;zusammen,16,Offensichtlich schlug die Flaute im PC-Geschäft der letzten Monate bei Gateway voll zu .,die Flaute in dem PC-Geschäft der letzten Monate bei Gateway voll,hdt-s143099,de_hdt-ud-train-b-1.conllu,-3.573892831802368,-3.573892831802368,-5.7999;-2.8866;-5.5224;-11.0377;-0.2232;-4.0837;-10.6382;-7.9960;-14.0173;-12.4481;-8.0408;-11.5512;-8.9686;-8.1141;-12.8590,-0.2231713980436325,-3.3507214337587357,0,3,16,0.3333333333333333
109,führen,short,2,Als Begründung für die geballte Kritik an Internet-Unternehmen führte der Werberat,an,ab;auf;aus;durch;ein;fort;hinab;hindurch;irre;vor;vorbei;weiter;zurück;zusammen,15,"Als Begründung für die geballte Kritik an Internet-Unternehmen führte der Werberat an , dass Webfirmen häufiger als andere Werbetreibende auf provozierende Bildmotive zurückgreifen würden , um rasch Marktbedeutung zu erlangen .",der Werberat,hdt-s201909,de_hdt-ud-train-b-2.conllu,-3.039327383041382,-3.039327383041382,-8.5195;-3.7643;-2.3974;-6.5416;-4.5613;-8.0829;-16.1714;-15.0422;-12.8626;-2.9798;-12.7481;-5.2082;-8.7701;-6.3646,-2.397437810897827,-0.6418895721435547,0,3,15,0.3333333333333333
110,führen,short,0,Man hat dort jetzt auch eine Demo-Webseite und führt,vor,ab;an;auf;aus;durch;ein;fort;hinab;hindurch;irre;vorbei;weiter;zurück;zusammen,15,"Man hat dort jetzt auch eine Demo-Webseite und führt vor , daß die ID-Nummern online nicht nur gelesen , sondern sogar heimlich geändert werden können .",,hdt-s53537,de_hdt-ud-train-a-1.conllu,-6.1306657791137695,-6.1306657791137695,-6.3725;-5.9992;-4.7040;-7.0401;-6.0708;-2.8745;-9.7993;-15.0527;-14.3957;-12.2232;-11.6056;-7.6429;-11.9969;-8.3108,-2.8745334148406982,-3.2561323642730713,0,5,15,0.2
111,führen,short,0,Das Unternehmen führt,an,ab;auf;aus;durch;ein;fort;hinab;hindurch;irre;vor;vorbei;weiter;zurück;zusammen,15,"Das Unternehmen führt an , gestiegene Kosten bei der Kundenwerbung im Mobilfunkbereich seien hierfür verantwortlich .",,hdt-s205709,de_hdt-ud-train-b-2.conllu,-5.174454689025879,-5.174454689025879,-6.6963;-5.2561;-5.4394;-6.7143;-3.3834;-8.0668;-14.6194;-14.2967;-12.6311;-6.4726;-13.1453;-6.5717;-9.2605;-7.8344,-3.3833534717559814,-1.7911012172698975,0,2,15,0.5
112,führen,medium,3,Ein Viertel seiner Einnahmen führt er nach Niue,ab,an;auf;aus;durch;ein;fort;hinab;hindurch;irre;vor;vorbei;weiter;zurück;zusammen,15,Ein Viertel seiner Einnahmen führt er nach Niue ab .,er nach Niue,hdt-s127591,de_hdt-ud-train-b-1.conllu,-3.928410530090332,-3.928410530090332,-3.9051;-4.5331;-4.4044;-4.0998;-5.1447;-5.5111;-8.8538;-11.3667;-14.0048;-6.7825;-10.7988;-4.0616;-3.9637;-7.3714,-3.905135154724121,-0.023275375366210938,0,2,15,0.5
113,führen,medium,5,Nun führt der Internet-Musikdienstleister einen neuen Service,ein,ab;an;auf;aus;durch;fort;hinab;hindurch;irre;vor;vorbei;weiter;zurück;zusammen,15,Nun führt der Internet-Musikdienstleister einen neuen Service ein :,der Internet-Musikdienstleister einen neuen Service,hdt-s178132,de_hdt-ud-train-b-2.conllu,-0.4646385908126831,-0.4646385908126831,-7.7981;-3.1197;-4.4829;-6.7741;-6.1730;-8.9247;-15.2070;-16.7750;-16.5907;-6.6779;-13.6117;-8.8080;-10.9214;-7.6246,-3.1197423934936523,2.6551038026809692,1,1,15,1.0
114,führen,medium,7,Science und Celera führen diese Einschränkungen auch auf die amerikanische Rechtslage,zurück,ab;an;auf;aus;durch;ein;fort;hinab;hindurch;irre;vor;vorbei;weiter;zusammen,15,"Science und Celera führen diese Einschränkungen auch auf die amerikanische Rechtslage zurück , was den Besitz von Datenbanken angeht .",diese Einschränkungen auch auf die amerikanische Rechtslage,hdt-s95490,de_hdt-ud-train-a-2.conllu,-0.11704334616661072,-0.11704334616661072,-7.4147;-4.8160;-7.6570;-7.1278;-8.1417;-10.4248;-12.8943;-14.0306;-16.0153;-16.9658;-7.4958;-15.0879;-10.4228;-10.7671,-4.816023826599121,4.69898048043251,1,1,15,1.0
115,führen,long,13,"Nach erfolgreichem Test in den USA führt LEGO den Roboter-Baukasten "" Robotics Invention Systems 1.5 "" ab Oktober in Deutschland",ein,ab;an;auf;aus;durch;fort;hinab;hindurch;irre;vor;vorbei;weiter;zurück;zusammen,15,"Nach erfolgreichem Test in den USA führt LEGO den Roboter-Baukasten "" Robotics Invention Systems 1.5 "" ab Oktober in Deutschland ein .","LEGO den Roboter-Baukasten "" Robotics Invention Systems 1.5 "" ab Oktober in Deutschland",hdt-s47816,de_hdt-ud-train-a-1.conllu,-0.2603892683982849,-0.2603892683982849,-8.7382;-5.7530;-3.6460;-6.8163;-5.1323;-9.9788;-15.1069;-16.4945;-16.7052;-8.8352;-14.3463;-6.8047;-10.5494;-9.4376,-3.6460094451904297,3.3856201767921448,1,1,15,1.0
116,führen,long,8,"Auf einer gestrigen Pre-IFA-Konferenz führte der Konzern seinen 100-Hz-Fernseher "" Lenaro 92 """,vor,ab;an;auf;aus;durch;ein;fort;hinab;hindurch;irre;vorbei;weiter;zurück;zusammen,15,"Auf einer gestrigen Pre-IFA-Konferenz führte der Konzern seinen 100-Hz-Fernseher "" Lenaro 92 "" vor , der in schickem Edel-Design daherkommt , aber zusätzlich mit inneren Werten wie DVD-Player , Dolby-5.1-Sound und eben jenen besagten Standardeinschüben für verschiedene Module glänzen kann .","der Konzern seinen 100-Hz-Fernseher "" Lenaro 92 """,hdt-s27428,de_hdt-ud-train-a-1.conllu,-0.6120607852935791,-0.6120607852935791,-10.1507;-3.7172;-3.5938;-3.8632;-6.9099;-2.6022;-11.7223;-14.5403;-14.6150;-15.9696;-10.8110;-8.7312;-9.1428;-7.4087,-2.602205514907837,1.9901447296142578,1,1,15,1.0
117,führen,long,9,Die Zuwächse führt Adobe auf das gute Geschäft mit Web-Design- und Acrobat-Software,zurück,ab;an;auf;aus;durch;ein;fort;hinab;hindurch;irre;vor;vorbei;weiter;zusammen,15,"Die Zuwächse führt Adobe auf das gute Geschäft mit Web-Design- und Acrobat-Software zurück "" Wir sind in der besten Position in der siebzehnjährigen Geschichte des Unternehmens "" , kommentierte Adobe-CEO John Warnock das Quartalsergebnis .",Adobe auf das gute Geschäft mit Web-Design- und Acrobat-Software,hdt-s15588,de_hdt-ud-test.conllu,-0.4149002134799957,-0.4149002134799957,-7.3495;-5.0126;-6.1592;-5.8738;-6.7508;-10.4681;-11.2331;-12.4748;-16.9405;-17.6426;-8.0299;-13.6473;-9.2844;-7.7522,-5.012623310089111,4.597723096609116,1,1,15,1.0
118,treten,short,2,Bei der Analyse traten mehrere Schwachstellen,zutage,ab;an;auf;aus;bei;ein;entgegen;heran;hervor;los;vor;zurück;zusammen,14,"Bei der Analyse traten mehrere Schwachstellen zutage , die das WEP-Verfahren unter anderem wegen des verwendeten symmetrischen RC4-Algorithmus verhältnismäßig leicht angreifbar machen :",mehrere Schwachstellen,hdt-s78260,de_hdt-ud-train-a-2.conllu,-1.8955729122972116,-0.9477864561486058,-10.9543;-6.2908;-0.3993;-7.4304;-4.2724;-8.8852;-10.5167;-14.4661;-7.3702;-14.5744;-7.4603;-11.9547;-9.0908,-0.3993030786514282,-1.4962698336457834,0,2,14,0.5
119,treten,short,0,Iomega-Chef Albertson tritt,zurück,ab;an;auf;aus;bei;ein;entgegen;heran;hervor;los;vor;zusammen;zutage,14,Iomega-Chef Albertson tritt zurück,,hdt-s70880,de_hdt-ud-train-a-2.conllu,-1.6658754348754883,-1.6658754348754883,-3.1300;-4.7813;-3.3960;-3.3047;-3.6107;-6.0864;-7.5723;-14.0570;-8.9241;-10.6549;-5.1533;-7.4008;-12.5161,-3.129958152770996,1.4640827178955078,1,1,14,1.0
120,treten,short,2,Bei der Abgeordnetenhauswahl in Berlin 2006 traten folgende Kandidaten,an,ab;auf;aus;bei;ein;entgegen;heran;hervor;los;vor;zurück;zusammen;zutage,14,Bei der Abgeordnetenhauswahl in Berlin 2006 traten folgende Kandidaten an:,folgende Kandidaten,train-s9863,de_gsd-ud-train.conllu,-0.38534796237945557,-0.38534796237945557,-10.6697;-3.9263;-5.3652;-4.9019;-9.6000;-11.1970;-14.8454;-10.5386;-15.1376;-8.7662;-10.4962;-8.8788;-10.8429,-3.9262642860412598,3.540916323661804,1,1,14,1.0
121,treten,medium,5,"Nachdem er 1898 bei der Kongresswahl seinem republikanischen Herausforderer Francis W. Cushman unterlegen war , trat er in die US Army",ein,ab;an;auf;aus;bei;entgegen;heran;hervor;los;vor;zurück;zusammen;zutage,14,"Nachdem er 1898 bei der Kongresswahl seinem republikanischen Herausforderer Francis W. Cushman unterlegen war, trat er in die US Army ein und diente während des Spanisch - Amerikanischen Krieges als Generalinspektor im Rang eines Oberst in Puerto Rico.",er in die US Army,train-s5332,de_gsd-ud-train.conllu,-0.10629503428936005,-0.10629503428936005,-9.5647;-9.6546;-8.5072;-9.7919;-7.8092;-14.7301;-15.6123;-14.0940;-16.4187;-10.3640;-6.3690;-12.9900;-20.7058,-6.368973255157471,6.262678220868111,1,1,14,1.0
122,treten,medium,5,Unter anderem gewann er 2005 die Kartweltmeisterschaft der Formel A. 2006 wechselte er in den Formelsport und trat in der britischen Formel BMW,an,ab;auf;aus;bei;ein;entgegen;heran;hervor;los;vor;zurück;zusammen;zutage,14,Unter anderem gewann er 2005 die Kartweltmeisterschaft der Formel A. 2006 wechselte er in den Formelsport und trat in der britischen Formel BMW an.,in der britischen Formel BMW,train-s13058,de_gsd-ud-train.conllu,-1.016110897064209,-1.016110897064209,-6.8578;-4.0722;-7.6386;-4.0750;-3.7570;-12.8989;-9.5655;-7.4373;-11.0372;-6.6048;-8.2550;-7.6291;-13.2484,-3.7569899559020996,2.7408790588378906,1,1,14,1.0
123,treten,medium,5,"Das Szenario der Infowar-Simulation "" Informo "" spielt in dem Jahr 2005 : in dem Vorfeld einer Konferenz zu dem Promoting der Schweiz als Wirtschaftsstandort treten verschiedene Unregelmäßigkeiten in der Kommunikationsinfrastruktur",auf,ab;an;aus;bei;ein;entgegen;heran;hervor;los;vor;zurück;zusammen;zutage,14,"Das Szenario der Infowar-Simulation "" Informo "" spielt im Jahr 2005 : im Vorfeld einer Konferenz zum Promoting der Schweiz als Wirtschaftsstandort treten verschiedene Unregelmäßigkeiten in der Kommunikationsinfrastruktur auf .",verschiedene Unregelmäßigkeiten in der Kommunikationsinfrastruktur,hdt-s103558,de_hdt-ud-dev.conllu,-1.186069130897522,-1.186069130897522,-9.4686;-5.7350;-7.2417;-6.6243;-7.3171;-9.9053;-11.6907;-6.4593;-11.5481;-7.2959;-10.1483;-6.9647;-4.3572,-4.35719698574394,3.171127854846418,1,1,14,1.0
124,treten,long,10,"Den in der Vergangenheit immer wieder geäußerten Gerüchten , auch DVDplanet sei pleite , tritt die Firma mit einem "" Financial Statement "" jedoch energisch",entgegen,ab;an;auf;aus;bei;ein;heran;hervor;los;vor;zurück;zusammen;zutage,14,"Den in der Vergangenheit immer wieder geäußerten Gerüchten , auch DVDplanet sei pleite , tritt die Firma mit einem "" Financial Statement "" jedoch energisch entgegen .","die Firma mit einem "" Financial Statement "" jedoch energisch",hdt-s178314,de_hdt-ud-train-b-2.conllu,-0.1970696598291397,-0.1970696598291397,-6.2817;-6.0208;-4.9178;-5.9373;-6.6524;-7.2271;-14.0868;-10.5650;-12.2930;-8.3050;-3.5517;-11.7707;-12.8101,-3.551659107208252,3.3545894473791122,1,1,14,1.0
125,treten,long,8,Nach einer Kontroverse trat Stein 1861 enttäuscht von seinem Amt als Rabbiner,zurück,ab;an;auf;aus;bei;ein;entgegen;heran;hervor;los;vor;zusammen;zutage,14,Nach einer Kontroverse trat Stein 1861 enttäuscht von seinem Amt als Rabbiner zurück.,Stein 1861 enttäuscht von seinem Amt als Rabbiner,train-s6529,de_gsd-ud-train.conllu,-0.17412734031677246,-0.17412734031677246,-4.7208;-7.9750;-7.0981;-6.3012;-8.7943;-11.5078;-12.8173;-14.6611;-8.8498;-10.9107;-9.4820;-11.6145;-17.8185,-4.720758438110352,4.546631097793579,1,1,14,1.0
126,treten,long,11,"Laut Dirk Lohmann , Senior Manager bei Service und Support , tritt der Fehler nur "" bei einem geringen Prozentsatz "" der Geräte",auf,ab;an;aus;bei;ein;entgegen;heran;hervor;los;vor;zurück;zusammen;zutage,14,"Laut Dirk Lohmann , Senior Manager bei Service und Support , tritt der Fehler nur "" bei einem geringen Prozentsatz "" der Geräte auf , die Toshiba Ende Juni und Anfang August ausgeliefert habe .","der Fehler nur "" bei einem geringen Prozentsatz "" der Geräte",hdt-s188015,de_hdt-ud-train-b-2.conllu,-0.28674566745758057,-0.28674566745758057,-7.4019;-3.7230;-5.0881;-6.0095;-4.8008;-10.7982;-12.6618;-9.2453;-12.5088;-6.1455;-10.2922;-9.2543;-7.5056,-3.7229905128479004,3.43624484539032,1,1,14,1.0
127,finden,short,0,Die Gesellschaft für Konsumforschung ( GfK ) fand,heraus,ab;an;ein;statt;vor;wieder;zurecht;zurück;zusammen,10,"Die Gesellschaft für Konsumforschung ( GfK ) fand heraus , dass bereits 18 Prozent der WWW-Nutzer älter sind als 50 Jahre ( August 2000 ) .",,hdt-s124257,de_hdt-ud-train-b-1.conllu,-1.2102413177490234,-1.2102413177490234,-7.4917;-6.8041;-5.9308;-7.6414;-4.6839;-8.0153;-12.0157;-10.9636;-7.7459,-4.683948516845703,3.4737071990966797,1,1,10,1.0
128,finden,short,1,Auch zu den neuen Prozessoren Timna oder Itanium sowie Themen wie Beyond AGP4X oder dem Funkstandard Bluetooth finden Vorträge,statt,ab;an;ein;heraus;vor;wieder;zurecht;zurück;zusammen,10,Auch zu den neuen Prozessoren Timna oder Itanium sowie Themen wie Beyond AGP4X oder dem Funkstandard Bluetooth finden Vorträge statt .,Vorträge,hdt-s187528,de_hdt-ud-train-b-2.conllu,-0.9507101774215698,-0.9507101774215698,-7.8082;-5.7190;-9.4600;-10.2601;-6.8495;-10.4687;-15.8441;-14.7433;-9.0648,-5.718999862670898,4.768289685249329,1,1,10,1.0
129,finden,short,2,In Rahmen des Festivals finden verschiedene Wettbewerbe,statt,ab;an;ein;heraus;vor;wieder;zurecht;zurück;zusammen,10,In Rahmen des Festivals finden verschiedene Wettbewerbe statt:,verschiedene Wettbewerbe,train-s11063,de_gsd-ud-train.conllu,-0.5853398442268372,-0.5853398442268372,-8.5949;-6.2595;-10.4144;-10.2875;-7.7399;-11.6414;-18.5463;-14.9150;-9.9466,-6.259536266326904,5.674196422100067,1,1,10,1.0
130,finden,medium,7,Jährlich finden in Las Vegas 3.700 Messen und Versammlungen,statt,ab;an;ein;heraus;vor;wieder;zurecht;zurück;zusammen,10,"Jährlich finden in Las Vegas 3.700 Messen und Versammlungen statt , die 4,4 Milliarden US-Dollar in die Stadtkasse spülen und 4 Millionen Teilnehmer in die vielen Hotels ( die Zahlen der Messegesellschaft LVCVA beziehen sich auf 1998/1999 ) , die ständig um neue Prunkbauten ergänzt werden .",in Las Vegas 3.700 Messen und Versammlungen,hdt-s146122,de_hdt-ud-train-b-1.conllu,-0.24016167223453522,-0.24016167223453522,-9.0141;-7.0126;-10.8973;-12.0390;-8.2998;-12.4117;-16.7516;-15.5312;-9.3764,-7.012613296508789,6.772451624274254,1,1,10,1.0
131,finden,medium,4,In dem Sands Convention Center findet der Linux-Teil der Comdex,statt,ab;an;ein;heraus;vor;wieder;zurecht;zurück;zusammen,10,Im Sands Convention Center findet der Linux-Teil der Comdex statt .,der Linux-Teil der Comdex,hdt-s146119,de_hdt-ud-train-b-1.conllu,-0.49424290657043457,-0.49424290657043457,-7.5404;-7.5702;-8.0553;-11.9570;-7.4661;-7.6633;-14.5658;-13.3913;-8.0459,-7.466069221496582,6.9718263149261475,1,1,10,1.0
132,finden,medium,4,Die an dem kommenden Montag beginnende Versteigerung finde zu einem günstigen Zeitpunkt,statt,ab;an;ein;heraus;vor;wieder;zurecht;zurück;zusammen,10,"Die am kommenden Montag beginnende Versteigerung finde zu einem günstigen Zeitpunkt statt , sagte der Präsident der Behörde , Klaus-Dieter Scheurle , am heutigen Freitag in Bonn .",zu einem günstigen Zeitpunkt,hdt-s174878,de_hdt-ud-train-b-2.conllu,-0.09837092459201813,-0.09837092459201813,-8.3646;-5.6405;-8.2617;-9.5554;-5.3600;-8.6793;-16.9145;-13.6680;-9.3824,-5.359950542449951,5.261579617857933,1,1,10,1.0
133,finden,long,13,Während der Hannover Messe findet ein Kongreß der Studenten und Jungingenieure des VDI mit mehr als 1.200 Teilnehmern,statt,ab;an;ein;heraus;vor;wieder;zurecht;zurück;zusammen,10,"Während der Hannover Messe findet ein Kongreß der Studenten und Jungingenieure des VDI mit mehr als 1.200 Teilnehmern statt , auf dem sich Firmen vorstellen und Gelegenheit zu Kontakten geben .",ein Kongreß der Studenten und Jungingenieure des VDI mit mehr als 1.200 Teilnehmern,hdt-s58298,de_hdt-ud-train-a-1.conllu,-0.38911670446395874,-0.38911670446395874,-8.2293;-5.2099;-9.5831;-11.7343;-7.5877;-9.1612;-17.3248;-14.1302;-7.8546,-5.209864139556885,4.820747435092926,1,1,10,1.0
134,finden,long,11,Erstmals findet ein Treffen der Internet Engineering Taskforce ( IETF ) in Deutschland,statt,ab;an;ein;heraus;vor;wieder;zurecht;zurück;zusammen,10,Erstmals findet ein Treffen der Internet Engineering Taskforce ( IETF ) in Deutschland statt .,ein Treffen der Internet Engineering Taskforce ( IETF ) in Deutschland,hdt-s106823,de_hdt-ud-dev.conllu,-0.17466065287590027,-0.17466065287590027,-7.6030;-5.9460;-9.1608;-11.8940;-7.8375;-8.6645;-17.2423;-14.2972;-7.8757,-5.945961952209473,5.771301299333572,1,1,10,1.0
135,finden,long,8,Seit 1997 findet diese Struktur-Analyse zu der Internetnutzung in halbjährlichem Abstand,statt,ab;an;ein;heraus;vor;wieder;zurecht;zurück;zusammen,10,"Seit 1997 findet diese Struktur-Analyse zur Internetnutzung in halbjährlichem Abstand statt , und zwar im Namen der Auftraggeber-Gemeinschaft GfK Online Monitor .",diese Struktur-Analyse zu der Internetnutzung in halbjährlichem Abstand,hdt-s70573,de_hdt-ud-train-a-2.conllu,-0.2554992139339447,-0.2554992139339447,-8.3564;-4.8731;-7.6901;-9.0789;-7.0441;-6.7468;-16.1483;-12.2700;-7.7625,-4.873110294342041,4.617611080408096,1,1,10,1.0
136,halten,short,2,An dem bislang vorgestellten Angebot der Großhandelsflatrate halte man dennoch,fest,ab;an;auf;aufrecht;aus;bereit;dagegen;durch;ein;entgegen;fern;frei;mit;offen;stand;vor;wach;zugute;zurück;zusammen,21,"Am bislang vorgestellten Angebot der Großhandelsflatrate halte man dennoch fest , betonte Broszio .",man dennoch,hdt-s201742,de_hdt-ud-train-b-2.conllu,-0.39468809962272644,-0.39468809962272644,-10.7472;-2.7238;-7.8199;-10.1825;-7.4603;-9.3591;-7.6782;-9.2339;-5.3441;-9.0121;-12.5064;-13.0436;-6.8422;-10.2332;-9.4258;-8.4113;-9.2451;-12.2199;-10.5420;-8.0167,-2.7237534523010254,2.329065352678299,1,1,21,1.0
137,halten,short,2,"Die Fernfahrer diskutierten über den Kompromiß , und ihr Verband hielt den Streikaufruf",aufrecht,ab;an;auf;aus;bereit;dagegen;durch;ein;entgegen;fern;fest;frei;mit;offen;stand;vor;wach;zugute;zurück;zusammen,21,"Die Fernfahrer diskutierten über den Kompromiß, und ihr Verband hielt den Streikaufruf aufrecht, weil er grundsätzlich jedes Strafpunktesystem mit Führerscheinentzug ablehnt.",den Streikaufruf,test-s405,de_gsd-ud-test.conllu,-3.1067404747009277,-3.1067404747009277,-5.7869;-4.4353;-4.4127;-5.0250;-5.7642;-4.9166;-6.3075;-5.6724;-6.2814;-9.9463;-6.2431;-9.7850;-4.5579;-7.3162;-8.7249;-5.4417;-9.8976;-11.2535;-4.1916;-6.6881,-4.191638469696045,1.0848979949951172,1,1,21,1.0
138,halten,short,1,Die Zahl der Swisscom-Mobilkunden ist um weitere 259.000 gestiegen ; auch der SMS-Boom hält weiter,an,ab;auf;aufrecht;aus;bereit;dagegen;durch;ein;entgegen;fern;fest;frei;mit;offen;stand;vor;wach;zugute;zurück;zusammen,21,Die Zahl der Swisscom-Mobilkunden ist um weitere 259.000 gestiegen ; auch der SMS-Boom hält weiter an .,weiter,hdt-s166749,de_hdt-ud-train-b-2.conllu,-0.008889504708349705,-0.008889504708349705,-12.1155;-8.1178;-10.9407;-10.4693;-14.1941;-13.6266;-9.0083;-11.5279;-14.4879;-15.7138;-10.0897;-19.2295;-8.3298;-13.2646;-13.5101;-10.0791;-11.0783;-17.6173;-15.2460;-13.1897,-8.117827415466309,8.108937910757959,1,1,21,1.0
139,halten,medium,3,Trotzdem hielten sich die Börsianer,zurück,ab;an;auf;aufrecht;aus;bereit;dagegen;durch;ein;entgegen;fern;fest;frei;mit;offen;stand;vor;wach;zugute;zusammen,21,Trotzdem hielten sich die Börsianer zurück :,sich die Börsianer,hdt-s161750,de_hdt-ud-train-b-1.conllu,-2.292346239089966,-2.292346239089966,-8.5157;-2.6823;-5.1633;-10.3844;-4.6835;-7.2909;-5.4680;-7.0998;-6.3486;-8.7960;-7.0776;-6.8560;-12.2590;-2.1173;-8.3646;-8.8646;-4.3977;-9.4962;-8.6558;-7.5060,-2.1173489093780518,-0.17499732971191406,0,2,21,0.5
140,halten,medium,6,Bei dem Pentium III hält Intel jedoch weiterhin an der PSN,fest,ab;an;auf;aufrecht;aus;bereit;dagegen;durch;ein;entgegen;fern;frei;mit;offen;stand;vor;wach;zugute;zurück;zusammen,21,"Beim Pentium III hält Intel jedoch weiterhin an der PSN fest und betrachtet den Verzicht auf dieses Feature beim Celeron als marktorientierte Abgrenzung , ähnlich wie der auf 66 MHz reduzierte externe Takt ( FSB ) und der halbierte L2-Cache .",Intel jedoch weiterhin an der PSN,hdt-s13520,de_hdt-ud-test.conllu,-12.055156707763672,-12.055156707763672,-11.7364;-10.2636;-10.3516;-15.5157;-12.4469;-14.1040;-16.3473;-11.8360;-10.6178;-14.9706;-13.8842;-12.4663;-9.8195;-15.6992;-12.3818;-12.3848;-18.8102;-14.0495;-13.2730;-11.1709,-9.819496154785156,-2.2356605529785156,0,8,21,0.125
141,halten,medium,4,Der Internet-Boom hält zudem in Deutschland unvermindert,an,ab;auf;aufrecht;aus;bereit;dagegen;durch;ein;entgegen;fern;fest;frei;mit;offen;stand;vor;wach;zugute;zurück;zusammen,21,Der Internet-Boom hält zudem in Deutschland unvermindert an :,zudem in Deutschland unvermindert,hdt-s151609,de_hdt-ud-train-b-1.conllu,-0.030325239524245262,-0.030325239524245262,-11.5684;-8.6084;-12.6043;-11.1920;-15.1669;-13.0343;-10.1205;-10.9480;-14.0636;-15.8970;-10.8100;-19.0320;-7.7301;-14.2910;-13.7862;-11.0134;-11.5017;-17.2991;-16.3425;-13.4007,-7.730061054229736,7.699735814705491,1,1,21,1.0
142,halten,long,9,Als letzte große Firma hält damit nur noch Sun an dem Java Media Framework,fest,ab;an;auf;aufrecht;aus;bereit;dagegen;durch;ein;entgegen;fern;frei;mit;offen;stand;vor;wach;zugute;zurück;zusammen,21,Als letzte große Firma hält damit nur noch Sun am Java Media Framework fest .,damit nur noch Sun an dem Java Media Framework,hdt-s192190,de_hdt-ud-train-b-2.conllu,-0.3201428949832916,-0.3201428949832916,-9.2993;-8.1308;-7.0907;-11.4304;-6.7763;-11.2454;-13.5659;-10.2846;-10.0430;-12.6664;-17.1754;-13.6148;-5.3064;-11.8593;-11.2076;-9.6721;-12.3262;-15.5902;-11.2488;-7.8812,-5.306392669677734,4.986249774694443,1,1,21,1.0
143,halten,long,10,Die US-Justiz hält sich die Tür für eine mögliche Zerschlagung des Softwareriesen Microsoft,offen,ab;an;auf;aufrecht;aus;bereit;dagegen;durch;ein;entgegen;fern;fest;frei;mit;stand;vor;wach;zugute;zurück;zusammen,21,Die US-Justiz hält sich die Tür für eine mögliche Zerschlagung des Softwareriesen Microsoft offen .,sich die Tür für eine mögliche Zerschlagung des Softwareriesen Microsoft,hdt-s87833,de_hdt-ud-train-a-2.conllu,-0.7276599407196045,-0.7276599407196045,-9.0701;-7.5650;-4.1401;-11.4646;-7.2190;-9.9906;-10.0045;-3.7541;-7.2749;-11.1827;-11.8899;-7.1636;-6.6828;-4.4277;-11.1871;-5.2817;-14.8956;-13.3292;-10.5147;-10.7189,-3.754053831100464,3.0263938903808594,1,1,21,1.0
144,halten,long,13,"Die ICANN-Server hielten dem Ansturm der Surfer , die sich für eine Mitgliedschaft interessierten , kaum",stand,ab;an;auf;aufrecht;aus;bereit;dagegen;durch;ein;entgegen;fern;fest;frei;mit;offen;vor;wach;zugute;zurück;zusammen,21,"Die ICANN-Server hielten dem Ansturm der Surfer , die sich für eine Mitgliedschaft interessierten , kaum stand , und wiesen anmeldungswillige Internet-Nutzer oft wegen Überlastung zurück .","dem Ansturm der Surfer , die sich für eine Mitgliedschaft interessierten , kaum",hdt-s126030,de_hdt-ud-train-b-1.conllu,-0.44160905480384827,-0.44160905480384827,-8.9455;-9.3443;-6.9806;-9.4718;-7.6568;-12.0681;-11.3389;-8.4452;-7.2208;-7.0686;-14.3626;-12.7046;-15.3903;-7.6099;-11.1905;-9.4307;-15.2707;-13.0759;-12.3048;-12.6797,-6.9805588722229,6.538949817419052,1,1,21,1.0
145,sehen,short,0,Knuthens Zeitplan sieht,vor,ab;an;aus;ein;entgegen;gegenüber;hinweg;um;voraus;zu,11,"Knuthens Zeitplan sieht vor , etwa im Jahr 2004 den Subband 4A fertiggestellt zu haben .",,hdt-s11436,de_hdt-ud-test.conllu,-1.2209804058074951,-1.2209804058074951,-7.1002;-7.2694;-5.4824;-4.5489;-8.8227;-10.0184;-15.9916;-7.4668;-9.4215;-7.1520,-4.548945426940918,3.327965021133423,1,1,11,1.0
146,sehen,short,2,"Für 18 Prozent ist der Grund , in das WWW zu gehen , das Nutzwertinteresse an dem E-Commerce , 16 Prozent haben ein ausgeprägtes Technikinteresse und zwölf Prozent der Heavy-User sind ausgesprochen unterhaltungsorientiert , spielen online , hören Musik , sehen sich Videos",an,ab;aus;ein;entgegen;gegenüber;hinweg;um;vor;voraus;zu,11,"Für 18 Prozent ist der Grund , ins WWW zu gehen , das Nutzwertinteresse am E-Commerce , 16 Prozent haben ein ausgeprägtes Technikinteresse und zwölf Prozent der Heavy-User sind ausgesprochen unterhaltungsorientiert , spielen online , hören Musik , sehen sich Videos an oder laden sie herunter .",sich Videos,hdt-s55012,de_hdt-ud-train-a-1.conllu,-0.4376632869243622,-0.4376632869243622,-8.3014;-7.4600;-11.3825;-14.3199;-12.6473;-15.6328;-8.6940;-10.0765;-14.9806;-5.5085,-5.508515357971191,5.070852071046829,1,1,11,1.0
147,sehen,short,2,Der Plan sieht unter anderem,vor,ab;an;aus;ein;entgegen;gegenüber;hinweg;um;voraus;zu,11,"Der Plan sieht unter anderem vor , daß in jedem Land eine ausreichende Zahl von Spezialisten zur Bekämpfung der High-Tech Kriminalität angestellt werden , daß die Staaten enger zusammenarbeiten und Angriffe auf Netzwerke sowie die Identifizierung der Täter schneller erfolgen sollen , daß ein Straftäter auch in dem Land zur Rechenschaft gezogen werden kann , in das er geflohen ist , wenn eine Auslieferung nicht möglich ist , und daß entsprechende Gesetze für eine leichtere Strafverfolgung geschaffen werden müssen .",unter anderem,hdt-s96137,de_hdt-ud-train-a-2.conllu,-0.6178910136222839,-0.6178910136222839,-8.9163;-8.0994;-5.2345;-3.5931;-12.2328;-10.9444;-15.1935;-10.0212;-9.6158;-9.0991,-3.5930745601654053,2.9751835465431213,1,1,11,1.0
148,sehen,medium,5,Die Deutsche Telekom sieht sich zunehmend Kritik von Marktbeobachtern,gegenüber,ab;an;aus;ein;entgegen;hinweg;um;vor;voraus;zu,11,"Die Deutsche Telekom sieht sich zunehmend Kritik von Marktbeobachtern gegenüber , sie gerate im Rennen um die Globalisierung der Telefonmärkte ins Hintertreffen .",sich zunehmend Kritik von Marktbeobachtern,hdt-s33070,de_hdt-ud-train-a-1.conllu,-5.622804164886475,-5.622804164886475,-12.6629;-7.4660;-5.3374;-12.6373;-6.7330;-14.8619;-9.9347;-9.5819;-13.5394;-6.4261,-5.337350368499756,-0.28545379638671875,0,2,11,0.5
149,sehen,medium,7,Nach Berichten in dem Register sehen Gegenwart und Zukunft der M-II-Prozessoren wie folgt,aus,ab;an;ein;entgegen;gegenüber;hinweg;um;vor;voraus;zu,11,Nach Berichten im Register sehen Gegenwart und Zukunft der M-II-Prozessoren wie folgt aus :,Gegenwart und Zukunft der M-II-Prozessoren wie folgt,hdt-s188337,de_hdt-ud-train-b-2.conllu,-0.0038446097169071436,-0.0038446097169071436,-11.5143;-10.2998;-11.8335;-13.1432;-12.0416;-17.3874;-11.4988;-11.1849;-11.3181;-11.3929,-10.299786567687988,10.295941957971081,1,1,11,1.0
150,sehen,medium,3,Er sieht jetzt sehr gut,aus,ab;an;ein;entgegen;gegenüber;hinweg;um;vor;voraus;zu,11,Er sieht jetzt sehr gut aus.,jetzt sehr gut,dev-s427,de_gsd-ud-dev.conllu,-0.2689819633960724,-0.2689819633960724,-8.2016;-6.8185;-6.7838;-12.8578;-11.8350;-13.6250;-7.3064;-8.3578;-9.3547;-5.2383,-5.238319396972656,4.969337433576584,1,1,11,1.0
151,sehen,long,8,Die Situation der Branche sah in dem Frühjahr dieses Jahres eigentlich nicht besser,aus,ab;an;ein;entgegen;gegenüber;hinweg;um;vor;voraus;zu,11,"Die Situation der Branche sah im Frühjahr dieses Jahres eigentlich nicht besser aus , trotzdem schossen die Kurse damals in die Höhe .",in dem Frühjahr dieses Jahres eigentlich nicht besser,hdt-s43436,de_hdt-ud-train-a-1.conllu,-0.00592452147975564,-0.00592452147975564,-12.9288;-10.3505;-12.5117;-15.5946;-14.8315;-19.3262;-11.4966;-11.5663;-12.7411;-9.4775,-9.477516174316406,9.47159165283665,1,1,11,1.0
152,sehen,long,8,Dieses sehe das Outsourcing der operativen Geschäftsbereiche in eigenständige Profitcenter,vor,ab;an;aus;ein;entgegen;gegenüber;hinweg;um;voraus;zu,11,Dieses sehe das Outsourcing der operativen Geschäftsbereiche in eigenständige Profitcenter vor .,das Outsourcing der operativen Geschäftsbereiche in eigenständige Profitcenter,hdt-s140586,de_hdt-ud-train-b-1.conllu,-3.433464527130127,-3.433464527130127,-6.1246;-2.9863;-5.3056;-6.1277;-7.7286;-7.8863;-10.5941;-6.9281;-6.5310;-6.3150,-2.986301898956299,-0.4471626281738281,0,2,11,0.5
153,sehen,long,14,Über die von dem Fast-Ethernet-Standard bekannte Twisted-Pair-Verkabelung ( CAT-5 UTP ) sieht IEEE 1394b eine Übertragungsrate von 100 MBit/s bei einer maximalen Kabellänge von 100 m,vor,ab;an;aus;ein;entgegen;gegenüber;hinweg;um;voraus;zu,11,Über die vom Fast-Ethernet-Standard bekannte Twisted-Pair-Verkabelung ( CAT-5 UTP ) sieht IEEE 1394b eine Übertragungsrate von 100 MBit/s bei einer maximalen Kabellänge von 100 m vor .,IEEE 1394b eine Übertragungsrate von 100 MBit/s bei einer maximalen Kabellänge von 100 m,hdt-s26176,de_hdt-ud-train-a-1.conllu,-0.12205515056848526,-0.12205515056848526,-9.2197;-8.5321;-6.8089;-10.0509;-9.9658;-8.8186;-10.2559;-11.1848;-8.4359;-5.9060,-5.90599250793457,5.783937357366085,1,1,11,1.0
