item_id,verb_stem,distance_bucket,n_intervening_tokens,context_sentence,correct_prefix,distractor_prefixes,full_original_sentence,intervening_text,sent_id,source_file,correct_logprob,correct_logprob_per_token,distractor_logprobs,best_distractor_logprob,margin,model_prefers_correct
1,kommen,short,1,""" Unsere neuen Produkte kommen gut",an,vor;weg,""" Unsere neuen Produkte kommen gut an "" , sagte Deutschland-Geschäftsführer Frank Steinhoff am heutigen Donnerstag .",gut,hdt-s157082,de_hdt-ud-train-b-1.conllu,-0.10475043952465057,-0.10475043952465057,-5.3023;-5.0794,-5.0794172286987305,4.97466678917408,1
2,kommen,short,2,Die Polizeiarbeit komme aber nicht,weiter,zusammen;zuvor,"Die Polizeiarbeit komme aber nicht weiter , wenn nach deutschem Recht verbotene Inhalte im Ausland eingestellt werden , wo sie nicht strafbar sind .",aber nicht,hdt-s2505,de_hdt-ud-dev.conllu,-5.725673198699951,-5.725673198699951,-7.0575;-9.8589,-7.057532787322998,1.3318595886230469,1
3,kommen,short,1,"März 1868 , als er unter großem Beifall ausführte , das Konkordat von 1855 komme ihm",vor,weiter;zuteil,"März 1868, als er unter großem Beifall ausführte, das Konkordat von 1855 komme ihm vor.",ihm,train-s2913,de_gsd-ud-train.conllu,-5.037054538726807,-5.037054538726807,-8.0050;-10.1149,-8.00497817993164,2.967923641204834,1
4,kommen,short,2,Jetzt komme es darauf,an,hin;raus,"Jetzt komme es darauf an , T-Online auf die Bereiche Inhalte und E-Commerce zu konzentrieren , sagte Markus Glockenmeier von Frankfurter Delbrück Privatbankiers .",es darauf,hdt-s179715,de_hdt-ud-train-b-2.conllu,-0.0015031717484816909,-0.0015031717484816909,-12.5082;-11.5189,-11.518876418471336,11.517373246722855,1
5,kommen,short,2,Erschwerend für den Exmonopolisten kommt außerdem noch,dazu,an;hinzu,"Erschwerend für den Exmonopolisten kommt außerdem noch dazu , dass er sich keineswegs allein auf dem Breitbankmarkt im Vereinigten Königreich ausbreiten kann .",außerdem noch,hdt-s32121,de_hdt-ud-train-a-1.conllu,-7.267468452453613,-7.267468452453613,-8.5046;-3.0776,-3.077561378479004,-4.189907073974609,0
6,kommen,medium,4,"E-Mail , die an GMX-Postfächer geschickt wird , kommt wieder zu den Absendern",zurück,weiter;voran,"E-Mail , die an GMX-Postfächer geschickt wird , kommt wieder zu den Absendern zurück .",wieder zu den Absendern,hdt-s111919,de_hdt-ud-dev.conllu,-2.491751194000244,-2.491751194000244,-5.8643;-13.0645,-5.864271640777588,3.3725204467773438,1
7,kommen,medium,5,"Das Autoradio Cape Canaveral verfügt über ein CDROM-Laufwerk , über das es MP3-Dateien von CD lesen kann ; es kommt aber auch mit normalen Audio-CDs",zurecht,zustande;weiter,"Das Autoradio Cape Canaveral verfügt über ein CDROM-Laufwerk , über das es MP3-Dateien von CD lesen kann ; es kommt aber auch mit normalen Audio-CDs zurecht .",aber auch mit normalen Audio-CDs,hdt-s47612,de_hdt-ud-train-a-1.conllu,-5.830561118607875,-1.9435203728692916,-10.2939;-8.1760,-8.175983428955078,2.345422310347203,1
8,kommen,medium,6,"Wer nur zwei serielle Schnittstellen an dem iMac nachrüsten möchte , kommt auch mit Keyspans USB Serial Adapter",aus,wieder;weg,"Wer nur zwei serielle Schnittstellen am iMac nachrüsten möchte , kommt auch mit Keyspans USB Serial Adapter aus .",auch mit Keyspans USB Serial Adapter,hdt-s54166,de_hdt-ud-train-a-1.conllu,-4.277435302734375,-4.277435302734375,-6.7801;-9.8597,-6.7801361083984375,2.5027008056640625,1
9,kommen,medium,4,Doch es kommt auf das gesamte System,an,durch;hin,"Doch es kommt auf das gesamte System an , auf die Kombination aus Mainboard , Speicher , Grafikkarte und Festplatte .",auf das gesamte System,hdt-s185215,de_hdt-ud-train-b-2.conllu,-0.17333918809890747,-0.17333918809890747,-10.3672;-9.2864,-9.286425590515137,9.11308640241623,1
10,kommen,medium,3,Die iniuria kam in zwei Typen,vor,rein;entgegen,"Die iniuria kam in zwei Typen vor: Als Verbalinjurie und als Realinjurie, was etwa Beleidigung und Körperverletzung entspricht.",in zwei Typen,train-s4466,de_gsd-ud-train.conllu,-1.930550217628479,-1.930550217628479,-9.2615;-9.0444,-9.04438304901123,7.1138328313827515,1
11,kommen,long,23,"Damit kommen die Hersteller auch der Kompatibilität zwischen dem einzigen wiederbeschreibbaren DVD-Format , für das es Geräte gibt , und den DVD-ROM-Playern ein gutes Stück",näher,dazu;davon,"Damit kommen die Hersteller auch der Kompatibilität zwischen dem einzigen wiederbeschreibbaren DVD-Format , für das es Geräte gibt , und den DVD-ROM-Playern ein gutes Stück näher .","die Hersteller auch der Kompatibilität zwischen dem einzigen wiederbeschreibbaren DVD-Format , für das es Geräte gibt , und den DVD-ROM-Playern ein gutes Stück",hdt-s24289,de_hdt-ud-train-a-1.conllu,-0.04835576191544533,-0.04835576191544533,-14.7161;-11.7882,-11.788247108459473,11.739891346544027,1
12,kommen,long,14,Zu den reinen Lizenzkosten kommen Beträge in Milliardenhöhe für den Aufbau der UMTS-Netze sowie Zinsen für Kredite und Anleihen,hinzu,los;zuvor,Zu den reinen Lizenzkosten kommen Beträge in Milliardenhöhe für den Aufbau der UMTS-Netze sowie Zinsen für Kredite und Anleihen hinzu .,Beträge in Milliardenhöhe für den Aufbau der UMTS-Netze sowie Zinsen für Kredite und Anleihen,hdt-s148405,de_hdt-ud-train-b-1.conllu,-0.9002241492271423,-0.9002241492271423,-14.9441;-13.7450,-13.744954109191895,12.844729959964752,1
13,kommen,long,8,"Sollte die Klägerin in dem Prozeß Recht bekommen , warnt er , käme dies "" einem Maulkorb für das Internet """,gleich,näher;zuvor,"Sollte die Klägerin in dem Prozeß Recht bekommen , warnt er , käme dies "" einem Maulkorb fürs Internet "" gleich .","dies "" einem Maulkorb für das Internet """,hdt-s95946,de_hdt-ud-train-a-2.conllu,-0.1554008424282074,-0.1554008424282074,-8.6127;-7.9186,-7.9186224937438965,7.763221651315689,1
14,kommen,long,11,"Es ist in einer Armbanduhr untergebracht und kommt ohne herkömmlichen Lautsprecher und ohne die übliche "" große "" Handy-Tastatur",aus,unter;hierher,"Es ist in einer Armbanduhr untergebracht und kommt ohne herkömmlichen Lautsprecher und ohne die übliche "" große "" Handy-Tastatur aus .","ohne herkömmlichen Lautsprecher und ohne die übliche "" große "" Handy-Tastatur",hdt-s74871,de_hdt-ud-train-a-2.conllu,-0.3543854057788849,-0.3543854057788849,-9.6614;-14.6814,-9.661373138427734,9.30698773264885,1
15,kommen,long,9,So kommen die jetzt erhältlichen DVD-ROM-Laufwerke und DVD-Player nicht mit DVD-R-Discs,zurecht,vor;an,"So kommen die jetzt erhältlichen DVD-ROM-Laufwerke und DVD-Player nicht mit DVD-R-Discs zurecht , die in mehreren Sessions beschrieben sind : ihnen fehlt die Multisessionfähigkeit .",die jetzt erhältlichen DVD-ROM-Laufwerke und DVD-Player nicht mit DVD-R-Discs,hdt-s24279,de_hdt-ud-train-a-1.conllu,-4.05996471492108,-1.35332157164036,-6.5191;-5.4054,-5.405394554138184,1.345429839217104,1
16,gehen,short,2,"Der Professor , der sich vor seinem Wechsel in die Informatik lange Jahre mit Statistik beschäftigt hat , ging ein Hauptargument",an,bergauf;voraus,"Der Professor , der sich vor seinem Wechsel in die Informatik lange Jahre mit Statistik beschäftigt hat , ging ein Hauptargument an , das die ganze Diskussion über die IT-Migranten auch bei der deutschen Green-Card-Regelung begleitet hat :",ein Hauptargument,hdt-s149267,de_hdt-ud-train-b-1.conllu,-3.1582911014556885,-3.1582911014556885,-15.7210;-7.8743,-7.874294281005859,4.716003179550171,1
17,gehen,short,2,35 Prozent unter ihnen gehen sogar davon,aus,ein;zugrunde,"35 Prozent unter ihnen gehen sogar davon aus , daß es Gratistelefonate schon binnen eines Jahres geben wird .",sogar davon,hdt-s77092,de_hdt-ud-train-a-2.conllu,-0.0013828248484060168,-0.0013828248484060168,-10.5232;-14.9426,-10.523233413696289,10.521850588847883,1
18,gehen,short,1,Eine E-Mail mit sexuellem Inhalt ging weltweit,herum,auf;hinaus,"Eine E-Mail mit sexuellem Inhalt ging weltweit herum , nachdem der Empfänger , ein Rechtsanwalt , sie von seinem Arbeitsplatz aus stolz an einige Freunde weitergeleitet hatte .",weltweit,hdt-s92833,de_hdt-ud-train-a-2.conllu,-6.258006572723389,-6.258006572723389,-2.8775;-10.1016,-2.877498149871826,-3.3805084228515625,0
19,gehen,short,2,Rechtsanwalt geht gegen Abmahn-Datenbank,vor,vorbei;voran,Rechtsanwalt geht gegen Abmahn-Datenbank vor,gegen Abmahn-Datenbank,hdt-s14426,de_hdt-ud-test.conllu,-0.6027378439903259,-0.6027378439903259,-11.3959;-6.8157,-6.815745770931244,6.213007926940918,1
20,gehen,short,1,"Die Telekom öffnet den anmeldepflichtigen T-Online-by-Call-Zugang ausschließlich über ISDN , Kunden mit analogem Anschluss gehen leer",aus,zusammen;zu,"Die Telekom öffnet den anmeldepflichtigen T-Online-by-Call-Zugang ausschließlich über ISDN , Kunden mit analogem Anschluss gehen leer aus .",leer,hdt-s199754,de_hdt-ud-train-b-2.conllu,-0.020593050867319107,-0.020593050867319107,-10.8799;-9.9392,-9.939164161682129,9.91857111081481,1
21,gehen,medium,7,E-Plus geht mit Hutchison zu der Ersteigerung einer UMTS-Lizenz,zusammen,einher;aufwärts,E-Plus geht mit Hutchison zur Ersteigerung einer UMTS-Lizenz zusammen .,mit Hutchison zu der Ersteigerung einer UMTS-Lizenz,hdt-s143931,de_hdt-ud-train-b-1.conllu,-5.609511375427246,-5.609511375427246,-4.9781;-8.0204,-4.978139877319336,-0.6313714981079102,0
22,gehen,medium,3,Sie geht nicht nur davon,aus,bergauf;herum,"Sie geht nicht nur davon aus , dass bereits im Jahr 2003 mehr als eine Milliarde Mobilfunk-Teilnehmer weltweit geben wird , sondern dass im selben Jahr auch die Zahl der mobilen Internet-Zugangsgeräte die Anzahl der PCs mit Internet-Anbindung übersteigt .",nicht nur davon,hdt-s20009,de_hdt-ud-train-a-1.conllu,-0.00436757504940033,-0.00436757504940033,-16.9028;-15.7888,-15.788827896118164,15.784460321068764,1
23,gehen,medium,3,Dem Regelbetrieb in Ludwigshafen gingen Experimente in Bremen,voraus,weiter;hinaus,Dem Regelbetrieb in Ludwigshafen gingen Experimente in Bremen voraus .,Experimente in Bremen,hdt-s171165,de_hdt-ud-train-b-2.conllu,-6.490589141845703,-6.490589141845703,-5.5655;-10.1581,-5.565460205078125,-0.9251289367675781,0
24,gehen,medium,5,Geht das Verfahren positiv für Microsoft,aus,hinweg;hinaus,"Geht das Verfahren positiv für Microsoft aus , erscheint eine erneute Anklage wegen der Serversoftware zunächst unwahrscheinlich .",das Verfahren positiv für Microsoft,hdt-s37122,de_hdt-ud-train-a-1.conllu,-5.423692226409912,-5.423692226409912,-15.5033;-9.3021,-9.30211067199707,3.878418445587158,1
25,gehen,medium,3,Britische Geheimdienste gehen wieder gegen Web-Veröffentlichungen,vor,nach;weg,Britische Geheimdienste gehen wieder gegen Web-Veröffentlichungen vor,wieder gegen Web-Veröffentlichungen,hdt-s7545,de_hdt-ud-dev.conllu,-0.030854422599077225,-0.030854422599077225,-7.7295;-13.8529,-7.729546546936035,7.698692124336958,1
26,gehen,long,36,"Aus dem Poker gingen D1 ( Telekom ) , D2 ( Vodafone ) , E-Plus , VIAG Interkom ( British Telecom ) sowie Mobilcom ( France Telecom ) und zu der Überraschung vieler auch das spanisch/finnische Konsortium G3 als Sieger",hervor,hinweg;weiter,"Aus dem Poker gingen D1 ( Telekom ) , D2 ( Vodafone ) , E-Plus , VIAG Interkom ( British Telecom ) sowie Mobilcom ( France Telecom ) und zur Überraschung vieler auch das spanisch/finnische Konsortium G3 als Sieger hervor .","D1 ( Telekom ) , D2 ( Vodafone ) , E-Plus , VIAG Interkom ( British Telecom ) sowie Mobilcom ( France Telecom ) und zu der Überraschung vieler auch das spanisch/finnische Konsortium G3 als Sieger",hdt-s56797,de_hdt-ud-train-a-1.conllu,-0.11918088793754578,-0.11918088793754578,-13.7270;-9.1639,-9.163932800292969,9.044751912355423,1
27,gehen,long,18,Der von James Clark und Stephen Deach ( Adobe ) verfaßte Draft geht nicht nur wegen seines Umfangs weit über die von Microsoft und anderen in dem August 1997 eingereicht Note,hinaus,bergauf;ab,Der von James Clark und Stephen Deach ( Adobe ) verfaßte Draft geht nicht nur wegen seines Umfangs weit über die von Microsoft und anderen im August 1997 eingereicht Note hinaus .,nicht nur wegen seines Umfangs weit über die von Microsoft und anderen in dem August 1997 eingereicht Note,hdt-s110119,de_hdt-ud-dev.conllu,-2.4437997341156006,-2.4437997341156006,-17.1332;-8.8151,-8.815069198608398,6.371269464492798,1
28,gehen,long,8,Der Reply geht dann wieder ordnungsgemäß als E-Mail an den Absender,zurück,verloren;vor,Der Reply geht dann wieder ordnungsgemäß als E-Mail an den Absender zurück .,dann wieder ordnungsgemäß als E-Mail an den Absender,hdt-s28418,de_hdt-ud-train-a-1.conllu,-3.2642245292663574,-3.2642245292663574,-7.6477;-8.3613,-7.647685527801514,4.383460998535156,1
29,gehen,long,13,"Zwei Tage , bevor in Stockholm die Kerzen an den Weihnachtsbäumen angezündet wurden , gingen in dem Skandinavien-Büro von Webmiles nach nicht einmal neun Monaten Betriebszeit die Lichter",aus,auseinander;los,"Zwei Tage , bevor in Stockholm die Kerzen an den Weihnachtsbäumen angezündet wurden , gingen im Skandinavien-Büro von Webmiles nach nicht einmal neun Monaten Betriebszeit die Lichter aus - der zweite Schlag für Webmiles nach dem Ende der Kooperation mit Ricardo vor wenigen Wochen .",in dem Skandinavien-Büro von Webmiles nach nicht einmal neun Monaten Betriebszeit die Lichter,hdt-s173462,de_hdt-ud-train-b-2.conllu,-0.444648414850235,-0.444648414850235,-8.3302;-6.6430,-6.642978191375732,6.198329776525497,1
30,gehen,long,12,An dem 26. Juli will Infineon die Zahlen für das morgen endende dritte Quartal vorlegen und geht von einem Gewinn von rund 300 Millionen Euro ( vor Steuern ),aus,einher;zu,Am 26. Juli will Infineon die Zahlen für das morgen endende dritte Quartal vorlegen und geht von einem Gewinn von rund 300 Millionen Euro ( vor Steuern ) aus .,von einem Gewinn von rund 300 Millionen Euro ( vor Steuern ),hdt-s46136,de_hdt-ud-train-a-1.conllu,-0.1656818836927414,-0.1656818836927414,-9.8519;-7.4748,-7.474836349487305,7.309154465794563,1
31,stellen,short,1,Man stelle sich,vor,richtig;hin,"Man stelle sich vor , die GMD oder das Fraunhofer Institut würden hierzulande nämliches machen .",sich,hdt-s98191,de_hdt-ud-train-a-2.conllu,-0.5822253227233887,-0.5822253227233887,-11.7902;-9.3957,-9.395671844482422,8.813446521759033,1
32,stellen,short,2,Transmeta stellt den Crusoe-Prozessor,her,fest;gleich,"Transmeta stellt den Crusoe-Prozessor her , der vor allem durch seine geringe Stromaufnahme ( unter 5 Watt bei 600 MHz ) und daher geringe Hitzeentwicklung glänzt .",den Crusoe-Prozessor,hdt-s185118,de_hdt-ud-train-b-2.conllu,-4.515244483947754,-4.515244483947754,-8.3740;-8.7167,-8.373967170715332,3.858722686767578,1
33,stellen,short,2,Mögliche Konzepte stellte Marit Köhntopp,vor,sicher;nach,"Mögliche Konzepte stellte Marit Köhntopp vor , Informatikerin im Unabhängigen Datenschutzzentrum in Kiel .",Marit Köhntopp,hdt-s83982,de_hdt-ud-train-a-2.conllu,-1.4407215118408203,-1.4407215118408203,-6.8004;-6.3486,-6.34864616394043,4.907924652099609,1
34,stellen,short,2,Diamond stellt neuen Rio,vor,dar;sicher,Diamond stellt neuen Rio vor,neuen Rio,hdt-s105358,de_hdt-ud-dev.conllu,-7.543468952178955,-7.543468952178955,-12.1763;-10.9018,-10.901784896850586,3.358315944671631,1
35,stellen,short,1,Hierzu stelle ich,fest,raus;zusammen,Hierzu stelle ich fest :,ich,hdt-s50985,de_hdt-ud-train-a-1.conllu,-4.134925842285156,-4.134925842285156,-10.9481;-7.7802,-7.780218124389648,3.645292282104492,1
36,stellen,medium,5,Vielmehr stellten sie in dem Wesentlichen darauf,ab,vor;ein,"Vielmehr stellten sie im Wesentlichen darauf ab , dass das Gerät derzeit die Existenz von privaten Fernsehanbietern noch nicht bedrohe .",sie in dem Wesentlichen darauf,hdt-s59641,de_hdt-ud-train-a-1.conllu,-0.3573361337184906,-0.3573361337184906,-8.0631;-4.6979,-4.697942733764648,4.340606600046158,1
37,stellen,medium,5,"Um in Zukunft wieder Gewinne einzufahren , stellt T-Online jetzt ein verlustträchtiges Angebot",ein,um;dar,"Um in Zukunft wieder Gewinne einzufahren , stellt T-Online jetzt ein verlustträchtiges Angebot ein :",T-Online jetzt ein verlustträchtiges Angebot,hdt-s20247,de_hdt-ud-train-a-1.conllu,-4.785384178161621,-4.785384178161621,-5.1364;-3.3099,-3.309890031814575,-1.475494146347046,0
38,stellen,medium,7,"Die US-Firma Invention Machine Corporation stellt einen "" Knowledge-Processor "" für das Internet",vor,richtig;dar,"Die US-Firma Invention Machine Corporation stellt einen "" Knowledge-Processor "" für das Internet vor .","einen "" Knowledge-Processor "" für das Internet",hdt-s49833,de_hdt-ud-train-a-1.conllu,-0.8711471557617188,-0.8711471557617188,-13.4613;-3.7777,-3.777679443359375,2.9065322875976562,1
39,stellen,medium,6,Die Datenmengen bei der Aufzeichnung von Video in dem MPEG-2- oder MPEG-4-Format stellten für die Microdrives überhaupt kein Problem,dar,ab;frei,"Die Datenmengen bei der Aufzeichnung von Video im MPEG-2- oder MPEG-4-Format stellten für die Microdrives überhaupt kein Problem dar , meint Berger .",für die Microdrives überhaupt kein Problem,hdt-s205146,de_hdt-ud-train-b-2.conllu,-0.006206761114299297,-0.006206761114299297,-12.4780;-16.8738,-12.478048324584961,12.471841563470662,1
40,stellen,medium,5,"Die Sonne-Flatrate war bereits in dem September des letzten Jahres untergegangen , das Sonnet-Portal stellte die Firma dann Mitte Dezember",ein,zusammen;nach,"Die Sonne-Flatrate war bereits im September des letzten Jahres untergegangen , das Sonnet-Portal stellte die Firma dann Mitte Dezember ein .",die Firma dann Mitte Dezember,hdt-s199580,de_hdt-ud-train-b-2.conllu,-3.069938898086548,-3.069938898086548,-5.9052;-5.3859,-5.385883331298828,2.3159444332122803,1
41,stellen,long,16,Als vollständig kompatibel zu der Version 6.3 des X Window System stellte NetManage auf der CeBIT den in dem letzten Jahr von Age Logic übernommenen X-Server für PCs,vor,sicher;heraus,Als vollständig kompatibel zur Version 6.3 des X Window System stellte NetManage auf der CeBIT den im letzten Jahr von Age Logic übernommenen X-Server für PCs vor .,NetManage auf der CeBIT den in dem letzten Jahr von Age Logic übernommenen X-Server für PCs,hdt-s192763,de_hdt-ud-train-b-2.conllu,-1.0700932741165161,-1.0700932741165161,-7.5902;-4.7907,-4.790674209594727,3.7205809354782104,1
42,stellen,long,9,Das Heinz Nixdorf Museum in Paderborn stellt für diese Aktion eine Etage samt der benötigten Energieversorgung,bereit,auf;infrage,Das Heinz Nixdorf Museum in Paderborn stellt für diese Aktion eine Etage samt der benötigten Energieversorgung bereit .,für diese Aktion eine Etage samt der benötigten Energieversorgung,hdt-s17523,de_hdt-ud-test.conllu,-3.2459921836853027,-3.2459921836853027,-4.0750;-9.2846,-4.074960231781006,0.8289680480957031,1
43,stellen,long,9,Dies stellte an dem Freitag die britische E-Zine Need To Know,fest,gegenüber;her,Dies stellte am Freitag die britische E-Zine Need To Know fest .,an dem Freitag die britische E-Zine Need To Know,hdt-s105758,de_hdt-ud-dev.conllu,-1.3322778940200806,-1.3322778940200806,-6.4521;-7.6147,-6.452070713043213,5.119792819023132,1
44,stellen,long,9,Baan stellt wie die noch größere Walldorfer SAP Software für Großunternehmen,her,aus;fertig,Baan stellt wie die noch größere Walldorfer SAP Software für Großunternehmen her .,wie die noch größere Walldorfer SAP Software für Großunternehmen,hdt-s119198,de_hdt-ud-test.conllu,-3.3283534049987793,-3.3283534049987793,-4.1642;-6.0566,-4.1641764640808105,0.8358230590820312,1
45,stellen,long,8,"Die Asia Pacific Telecommunity ( APT ) , ein auf einem zwischenstaatlichen Vertrag beruhender regionaler Telekommunikationsverbund , hatte Anfang November die so genannte Tokyo Declaration verabschiedet , in der sich die Informations- und Telekommunikationsminister der APT-Mitgliederstaaten auf Entwicklungsgrundsätze in dem Bereich der Informations- und Kommunikationstechniken verständigt hatten - diese Deklaration stellt ein Pendant zu dem europäischen Internet-Entwicklungsplans E-Europe 2002",dar,fertig;her,"Die Asia Pacific Telecommunity ( APT ) , ein auf einem zwischenstaatlichen Vertrag beruhender regionaler Telekommunikationsverbund , hatte Anfang November die so genannte Tokyo Declaration verabschiedet , in der sich die Informations- und Telekommunikationsminister der APT-Mitgliederstaaten auf Entwicklungsgrundsätze im Bereich der Informations- und Kommunikationstechniken verständigt hatten - diese Deklaration stellt ein Pendant zum europäischen Internet-Entwicklungsplans E-Europe 2002 dar .",ein Pendant zu dem europäischen Internet-Entwicklungsplans E-Europe 2002,hdt-s31901,de_hdt-ud-train-a-1.conllu,-0.14112588763237,-0.14112588763237,-11.6879;-7.0718,-7.071763038635254,6.930637151002884,1
46,geben,short,2,Anderthalb Jahre später gab die Firma,auf,ein;bekennen,Anderthalb Jahre später gab die Firma auf :,die Firma,hdt-s153306,de_hdt-ud-train-b-1.conllu,-5.088231563568115,-5.088231563568115,-4.5600;-22.0979,-4.560021877288818,-0.5282096862792969,0
47,geben,short,0,Der Prozessorhersteller gab,an,preis;zurück,"Der Prozessorhersteller gab an , die Wiederherstellung des Steuerungssystems habe rund 20.000 US-Dollar gekostet .",,hdt-s178806,de_hdt-ud-train-b-2.conllu,-2.447741985321045,-2.447741985321045,-11.0661;-9.1462,-9.146240234375,6.698498249053955,1
48,geben,short,1,Als einen Grund für den schlappen PC-Absatz gab IDC,an,wider;heraus,"Als einen Grund für den schlappen PC-Absatz gab IDC an , dass Großfirmen bei Investitionen in Hardware zögerlicher seien als erwartet .",IDC,hdt-s45418,de_hdt-ud-train-a-1.conllu,-3.4685330390930176,-3.4685330390930176,-11.1349;-5.5874,-5.587421894073486,2.1188888549804688,1
49,geben,short,0,IDT gibt,an,ein;vor,"IDT gibt an , die Lieferengpässe beim W2-Chips ausgeräumt zu haben und die Versionen mit 200 , 225 und 240 MHz in Stückzahlen liefern zu können , auch in Ausführungen mit 3,3 Volt .",,hdt-s187269,de_hdt-ud-train-b-2.conllu,-4.337890625,-4.337890625,-5.0672;-5.8819,-5.067157745361328,0.7292671203613281,1
50,geben,short,2,Als Grund gab ein Funktionär,an,preis;frei,"Als Grund gab ein Funktionär an, dass ""der Vater immer wieder Geld wollte"".",ein Funktionär,train-s2672,de_gsd-ud-train.conllu,-3.8394689559936523,-3.8394689559936523,-13.0008;-11.1231,-11.123051643371582,7.28358268737793,1
51,geben,medium,3,In einer Börsenpflichtmeldung gab der Co-Shopping-Anbieter LetsBuyIt.com,bekannt,weiter;statt,"In einer Börsenpflichtmeldung gab der Co-Shopping-Anbieter LetsBuyIt.com bekannt , dass die niederländische Muttergesellschaft ein Moratorium beantragt hat .",der Co-Shopping-Anbieter LetsBuyIt.com,hdt-s177724,de_hdt-ud-train-b-2.conllu,-0.6790328025817871,-0.6790328025817871,-8.5476;-8.3884,-8.388433456420898,7.709400653839111,1
52,geben,medium,3,Unzufriedenheit mit der Situation gaben nur kleine EDV-Firmen,an,weiter;preis,Unzufriedenheit mit der Situation gaben nur kleine EDV-Firmen an .,nur kleine EDV-Firmen,hdt-s35693,de_hdt-ud-train-a-1.conllu,-0.8571447730064392,-0.8571447730064392,-5.6204;-6.5360,-5.620412349700928,4.7632675766944885,1
53,geben,medium,3,Intel gab außerdem erstmals offiziell,bekannt,ein;heraus,"Intel gab außerdem erstmals offiziell bekannt , einen neuen Prozessor für Low-Cost-PCs und Internet-""Appliances"" wie Fernseh-Set-Top-Boxen zu entwickeln .",außerdem erstmals offiziell,hdt-s184720,de_hdt-ud-train-b-2.conllu,-1.1491897106170654,-1.1491897106170654,-3.3235;-6.1641,-3.323498487472534,2.1743087768554688,1
54,geben,medium,6,1906 gab er seine Arzttätigkeit sogar zunächst ganz,auf,hin;nach,1906 gab er seine Arzttätigkeit sogar zunächst ganz auf.,er seine Arzttätigkeit sogar zunächst ganz,train-s5322,de_gsd-ud-train.conllu,-0.056523729115724564,-0.056523729115724564,-10.3497;-7.1503,-7.1502509117126465,7.093727182596922,1
55,geben,medium,5,Die Regulierungsbehörde für Telekommunikation und Post gibt in wenigen Wochen den Start,frei,hin;recht,Die Regulierungsbehörde für Telekommunikation und Post gibt in wenigen Wochen den Start frei für den Aufbau von Highspeed-Mobilfunknetzen .,in wenigen Wochen den Start,hdt-s73643,de_hdt-ud-train-a-2.conllu,-7.091065883636475,-7.091065883636475,-8.6652;-10.8911,-8.665182113647461,1.5741162300109863,1
56,geben,long,9,Bislang gab das Unternehmen aber noch keine Details zu dem Format,bekannt,bei;hin,Bislang gab das Unternehmen aber noch keine Details zu dem Format bekannt .,das Unternehmen aber noch keine Details zu dem Format,hdt-s19255,de_hdt-ud-test.conllu,-0.5767805576324463,-0.5767805576324463,-7.2339;-10.4819,-7.233896255493164,6.657115697860718,1
57,geben,long,8,In dem Interview gab Mühlner zudem die Investition eines hohen zweistelligen Millionenbetrags,bekannt,frei;nach,"Im Interview gab Mühlner zudem die Investition eines hohen zweistelligen Millionenbetrags bekannt , um eine eigenen Netzinfrastruktur für das europaweite Großkundengeschäft aufzubauen .",Mühlner zudem die Investition eines hohen zweistelligen Millionenbetrags,hdt-s66520,de_hdt-ud-train-a-2.conllu,-2.4074482917785645,-2.4074482917785645,-7.1519;-5.3499,-5.349937915802002,2.9424896240234375,1
58,geben,long,17,Als weitere Neuerungen gibt Microsoft die Unterstützung von Dynamic HTML ( DHTML ) und Synchronized Multimedia Integration Language ( SMIL ),an,bei;preis,Als weitere Neuerungen gibt Microsoft die Unterstützung von Dynamic HTML ( DHTML ) und Synchronized Multimedia Integration Language ( SMIL ) an .,Microsoft die Unterstützung von Dynamic HTML ( DHTML ) und Synchronized Multimedia Integration Language ( SMIL ),hdt-s112997,de_hdt-ud-test.conllu,-3.7468011379241943,-3.7468011379241943,-3.5949;-8.6500,-3.59494948387146,-0.15185165405273438,0
59,geben,long,9,"An dem Freitag gab das Papier um über 11 Prozent auf 2,71 Euro",nach,vor;heraus,"Am Freitag gab das Papier um über 11 Prozent auf 2,71 Euro nach .","das Papier um über 11 Prozent auf 2,71 Euro",hdt-s152321,de_hdt-ud-train-b-1.conllu,-0.09034387767314911,-0.09034387767314911,-9.9657;-12.4137,-9.965690612792969,9.87534673511982,1
60,geben,long,15,"In dem nachbörslichen Handel gab der Kurs bei vergleichsweise hohem Handelsvolumen noch einmal um über 6 Prozent auf 52,06 US-Dollar",nach,mit;an,"Im nachbörslichen Handel gab der Kurs bei vergleichsweise hohem Handelsvolumen noch einmal um über 6 Prozent auf 52,06 US-Dollar nach .","der Kurs bei vergleichsweise hohem Handelsvolumen noch einmal um über 6 Prozent auf 52,06 US-Dollar",hdt-s149773,de_hdt-ud-train-b-1.conllu,-0.3680770993232727,-0.3680770993232727,-8.8718;-4.3761,-4.376053810119629,4.007976710796356,1
61,nehmen,short,1,Der lang ersehnte Nachfolger des Bildkompressionsformats JPEG nimmt Formen,an,auf;aus,Der lang ersehnte Nachfolger des Bildkompressionsformats JPEG nimmt Formen an .,Formen,hdt-s15384,de_hdt-ud-test.conllu,-0.004481629468500614,-0.004481629468500614,-9.9122;-14.0387,-9.912192344665527,9.907710715197027,1
62,nehmen,short,1,Das Heimnetzwerk nimmt Gestalt,an,aus;ein,Das Heimnetzwerk nimmt Gestalt an,Gestalt,hdt-s158206,de_hdt-ud-train-b-1.conllu,-0.0032910730224102736,-0.0032910730224102736,-13.2471;-12.1295,-12.12951374053955,12.12622266751714,1
63,nehmen,short,2,Die Medien nahmen das Thema,auf,zurück;aus,"Die Medien nahmen das Thema auf und bezeichneten die Morde als underworld war (""Krieg der Unterwelt"");",das Thema,train-s9299,de_gsd-ud-train.conllu,-2.345097541809082,-2.345097541809082,-7.4021;-5.6547,-5.654667854309082,3.3095703125,1
64,nehmen,short,0,Studienabbrüche in der Informatik nehmen,zu,weg;zurück,Studienabbrüche in der Informatik nehmen zu,,hdt-s89555,de_hdt-ud-train-a-2.conllu,-1.1281511783599854,-1.1281511783599854,-9.5134;-8.4402,-8.44023323059082,7.312082052230835,1
65,nehmen,short,1,Nun nimmt man,an,teil;war,"Nun nimmt man an, dass Ramius wahnsinnig geworden ist und die USA im Alleingang angreifen will.",man,train-s7826,de_gsd-ud-train.conllu,-3.4021358489990234,-3.4021358489990234,-7.9284;-9.1451,-7.928398132324219,4.526262283325195,1
66,nehmen,medium,3,Schließlich nimmt man an Online-Auktionen,teil,mit;weg,"Schließlich nimmt man an Online-Auktionen teil , um Geld zu sparen .",man an Online-Auktionen,hdt-s196350,de_hdt-ud-train-b-2.conllu,-0.7383413910865784,-0.7383413910865784,-4.1079;-11.0253,-4.107897758483887,3.3695563673973083,1
67,nehmen,medium,7,In dem Januar 1999 nahm Sarah Flannery an Irlands Young Scientists Contest,teil,ab;fest,"Im Januar 1999 nahm Sarah Flannery an Irlands Young Scientists Contest teil , dem Gegenstück zum deutschen Jugend forscht .",Sarah Flannery an Irlands Young Scientists Contest,hdt-s82283,de_hdt-ud-train-a-2.conllu,-0.533015251159668,-0.533015251159668,-9.1118;-10.6610,-9.111781120300293,8.578765869140625,1
68,nehmen,medium,6,Die Mitarbeiterzahl der Düsseldorfer Mannesmann-Gruppe nahm um 6 Prozent auf rund 28.900,zu,hin;zurück,Die Mitarbeiterzahl der Düsseldorfer Mannesmann-Gruppe nahm um 6 Prozent auf rund 28.900 zu .,um 6 Prozent auf rund 28.900,hdt-s159366,de_hdt-ud-train-b-1.conllu,-3.949683427810669,-3.949683427810669,-10.4334;-4.5572,-4.557170391082764,0.6074869632720947,1
69,nehmen,medium,5,Bereits damals nahmen einige Provider Vormerkungen für .eu,an,hin;zu,"Bereits damals nahmen einige Provider Vormerkungen für .eu an - in der Regel waren diese zwar kostenlos , beinhalteten aber keine rechtliche Garantie , dass ein Interessierter die Domain am Ende auch bekommt .",einige Provider Vormerkungen für .eu,hdt-s153578,de_hdt-ud-train-b-1.conllu,-2.7260029315948486,-2.7260029315948486,-8.8261;-6.0461,-6.046055793762207,3.3200528621673584,1
70,nehmen,medium,4,"Darüber kann man streiten , ich nehme mir aber das Recht",heraus,war;auf,"Darüber kann man streiten , ich nehme mir aber das Recht heraus , sie hier zu vertreten .",mir aber das Recht,hdt-s145760,de_hdt-ud-train-b-1.conllu,-4.370565891265869,-4.370565891265869,-6.7655;-3.9973,-3.9972825050354004,-0.37328338623046875,0
71,nehmen,long,24,Vor Beginn der slowenischen Meisterschaft nahmen der HK Jesenice und der HDD Olimpija Ljubljana an der ersten Austragung des neu geschaffenen und als Nachfolger der Alpenliga konzipierten Bewerbes der Interliga,teil,war;auf,Vor Beginn der slowenischen Meisterschaft nahmen der HK Jesenice und der HDD Olimpija Ljubljana an der ersten Austragung des neu geschaffenen und als Nachfolger der Alpenliga konzipierten Bewerbes der Interliga teil.,der HK Jesenice und der HDD Olimpija Ljubljana an der ersten Austragung des neu geschaffenen und als Nachfolger der Alpenliga konzipierten Bewerbes der Interliga,train-s8863,de_gsd-ud-train.conllu,-0.09714477509260178,-0.09714477509260178,-13.8130;-8.6013,-8.60129165649414,8.504146881401539,1
72,nehmen,long,9,Zwölf Unternehmen nehmen an der Versteigerung der Lizenzen für die nächste Mobilfunkgeneration,teil,entgegen;ernst,Zwölf Unternehmen nehmen an der Versteigerung der Lizenzen für die nächste Mobilfunkgeneration teil .,an der Versteigerung der Lizenzen für die nächste Mobilfunkgeneration,hdt-s48929,de_hdt-ud-train-a-1.conllu,-0.10195200145244598,-0.10195200145244598,-8.3755;-13.2572,-8.375469207763672,8.273517206311226,1
73,nehmen,long,9,"In den folgenden Romanen nimmt Askildsen zumeist "" die Perspektive eines Ich - Erzählers",ein,hinzu;war,"In den folgenden Romanen nimmt Askildsen zumeist ""die Perspektive eines Ich-Erzählers ein, der in einem existenzialistisch angehauchten Monolog -- ganz in der Tradition von Albert Camus 'Der Fremde oder Jean - Paul Sartres Der Ekel -- lakonisch seinen Alltag Revue passieren lässt.""","Askildsen zumeist "" die Perspektive eines Ich - Erzählers",train-s3817,de_gsd-ud-train.conllu,-2.243898868560791,-2.243898868560791,-10.7215;-10.2464,-10.246442794799805,8.002543926239014,1
74,nehmen,long,8,In dem Dezember nahm Compaq wegen des schleppenden Weihnachtsgeschäfts eine weitere Berichtigung,vor,ernst;hinzu,Im Dezember nahm Compaq wegen des schleppenden Weihnachtsgeschäfts eine weitere Berichtigung vor .,Compaq wegen des schleppenden Weihnachtsgeschäfts eine weitere Berichtigung,hdt-s165653,de_hdt-ud-train-b-2.conllu,-3.326458215713501,-3.326458215713501,-10.9472;-10.0973,-10.097347259521484,6.770889043807983,1
75,nehmen,long,14,"Gleichzeit nahm der Anbieter aber nur 9,1 Millionen US-Dollar durch den Verkauf von Anzeigen und User-Profilen",ein,vor;ernst,"Gleichzeit nahm der Anbieter aber nur 9,1 Millionen US-Dollar durch den Verkauf von Anzeigen und User-Profilen ein , durch die Werber gezielt Surfer ansprechen können .","der Anbieter aber nur 9,1 Millionen US-Dollar durch den Verkauf von Anzeigen und User-Profilen",hdt-s155273,de_hdt-ud-train-b-1.conllu,-0.5206525325775146,-0.5206525325775146,-5.9113;-12.9057,-5.911281585693359,5.390629053115845,1
76,setzen,short,2,Amerikanische Kasinos setzen diese bereits,ein,zurück;zu,"Amerikanische Kasinos setzen diese bereits ein , um bekannte Falschspieler zu erkennen , ebenso wie zwei europäische Flughäfen .",diese bereits,hdt-s193640,de_hdt-ud-train-b-2.conllu,-5.172699451446533,-5.172699451446533,-7.1480;-5.3152,-5.315170764923096,0.1424713134765625,1
77,setzen,short,0,Das Problem der Haftbarkeit für jeden schlechten Witz setze,voraus,auf;hoch,"Das Problem der Haftbarkeit für jeden schlechten Witz setze voraus , dass die Menschen perfekt sind und nichts Unbedachtes machen , und es gefährde das durch die Verfassung geschützte Recht auf Meinungsfreiheit .",,hdt-s93613,de_hdt-ud-train-a-2.conllu,-8.900358200073242,-8.900358200073242,-7.1566;-12.5681,-7.156621932983398,-1.7437362670898438,0
78,setzen,short,1,Bayern setzt Internet-Beirat,ein,gleich;drauf,Bayern setzt Internet-Beirat ein,Internet-Beirat,hdt-s134091,de_hdt-ud-train-b-1.conllu,-2.2361416816711426,-2.2361416816711426,-9.2041;-11.0713,-9.204132080078125,6.967990398406982,1
79,setzen,short,2,Mehr als drei Millionen Kunden setzen Visios Diagramm-Software,ein,durch;voraus,Mehr als drei Millionen Kunden setzen Visios Diagramm-Software ein .,Visios Diagramm-Software,hdt-s183555,de_hdt-ud-train-b-2.conllu,-0.5509545803070068,-0.5509545803070068,-6.5178;-6.6334,-6.51783561706543,5.966881036758423,1
80,setzen,short,0,Der desolaten Finanzlage des Unternehmens wegen hat der Vergleichsverwalter jedoch abgewunken : ein Vergleich setzte,voraus,aus;auf,"Der desolaten Finanzlage des Unternehmens wegen hat der Vergleichsverwalter jedoch abgewunken : ein Vergleich setzte voraus , daß ESCOM mindestens 35 Prozent der Forderungen seiner Gläubiger erfüllte .",,hdt-s89748,de_hdt-ud-train-a-2.conllu,-4.491683006286621,-4.491683006286621,-5.7400;-3.8687,-3.8687236309051514,-0.6229593753814697,0
81,setzen,medium,6,Wieder aber setzte der Supreme Court keine Verhandlung darüber,an,drauf;hinzu,Wieder aber setzte der Supreme Court keine Verhandlung darüber an .,der Supreme Court keine Verhandlung darüber,hdt-s138349,de_hdt-ud-train-b-1.conllu,-0.7804458141326904,-0.7804458141326904,-14.4882;-10.1741,-10.174052238464355,9.393606424331665,1
82,setzen,medium,3,Der Deutsche Multimedia Verband ( dmmv ) setzt sich jetzt dafür,ein,aus;hinzu,"Der Deutsche Multimedia Verband ( dmmv ) setzt sich jetzt dafür ein , daß Werbe-EMails nur an Nutzer versandt werden dürfen , die sich ausdrücklich damit einverstanden erklärt haben ( ""opt-in""-Verfahren ) .",sich jetzt dafür,hdt-s54340,de_hdt-ud-train-a-1.conllu,-0.0016031521372497082,-0.0016031521372497082,-8.5396;-19.7706,-8.539582252502441,8.537979100365192,1
83,setzen,medium,4,Selbst Intel setzt diese Chipsätze auf Server-Mainboards,ein,auseinander;fort,Selbst Intel setzt diese Chipsätze auf Server-Mainboards ein .,diese Chipsätze auf Server-Mainboards,hdt-s41598,de_hdt-ud-train-a-1.conllu,-3.2951955795288086,-3.2951955795288086,-10.5391;-9.1094,-9.10938549041748,5.814189910888672,1
84,setzen,medium,3,Auch die konsequente Abkehr von der herkömmlichen Floppy setzt Apple bei Yosemite,fort,aus;gleich,Auch die konsequente Abkehr von der herkömmlichen Floppy setzt Apple bei Yosemite fort .,Apple bei Yosemite,hdt-s53380,de_hdt-ud-train-a-1.conllu,-1.3734266757965088,-1.3734266757965088,-6.7856;-6.0471,-6.047060012817383,4.673633337020874,1
85,setzen,medium,7,"Die Gesellschaft setzte 295,5 ( Vorjahr 155,9 ) Millionen Dollar",um,voraus;auf,"Die Gesellschaft setzte 295,5 ( Vorjahr 155,9 ) Millionen Dollar um und erzielte einen Gewinn von 47,7 ( Vorjahr 11,1 ) Millionen Dollar .","295,5 ( Vorjahr 155,9 ) Millionen Dollar",hdt-s52596,de_hdt-ud-train-a-1.conllu,-1.1870825290679932,-1.1870825290679932,-8.3612;-3.2918,-3.291788339614868,2.104705810546875,1
86,setzen,long,10,Nach Informationen des Spiegel setzen deutsche Polizeibehörden illegal ein Gerät zu der Überwachung von Handy-Besitzern,ein,frei;um,Nach Informationen des Spiegel setzen deutsche Polizeibehörden illegal ein Gerät zur Überwachung von Handy-Besitzern ein .,deutsche Polizeibehörden illegal ein Gerät zu der Überwachung von Handy-Besitzern,hdt-s83042,de_hdt-ud-train-a-2.conllu,-0.11145663261413574,-0.11145663261413574,-9.0618;-4.8423,-4.842318534851074,4.7308619022369385,1
87,setzen,long,14,Der kalifornische Hersteller S3 setzt mit der Ankündigung des Grafikchips Savage2000 den Trend zu immer höherer 3D-Leistung bei PC-Grafikkarten,fort,gleich;an,Der kalifornische Hersteller S3 setzt mit der Ankündigung des Grafikchips Savage2000 den Trend zu immer höherer 3D-Leistung bei PC-Grafikkarten fort .,mit der Ankündigung des Grafikchips Savage2000 den Trend zu immer höherer 3D-Leistung bei PC-Grafikkarten,hdt-s63765,de_hdt-ud-train-a-2.conllu,-0.11154012382030487,-0.11154012382030487,-8.9445;-7.5303,-7.530287265777588,7.418747141957283,1
88,setzen,long,29,In einer knappen Entscheidung setzte sich in der Gesamtwertung die Website der scheidenden Bundestagspräsidentin Rita Süssmuth ( CDU ) gegen die rot-grüne Konkurrenz Matthias Berninger ( Bündnis90/Grüne ) und Johannes Kahrs ( SPD ),durch,drauf;zurück,In einer knappen Entscheidung setzte sich in der Gesamtwertung die Website der scheidenden Bundestagspräsidentin Rita Süssmuth ( CDU ) gegen die rot-grüne Konkurrenz Matthias Berninger ( Bündnis90/Grüne ) und Johannes Kahrs ( SPD ) durch .,sich in der Gesamtwertung die Website der scheidenden Bundestagspräsidentin Rita Süssmuth ( CDU ) gegen die rot-grüne Konkurrenz Matthias Berninger ( Bündnis90/Grüne ) und Johannes Kahrs ( SPD ),hdt-s102152,de_hdt-ud-dev.conllu,-0.039470069110393524,-0.039470069110393524,-16.2683;-10.5529,-10.552908897399902,10.513438828289509,1
89,setzen,long,10,Für die mit bis zu 8000 Polygonen dargestellten Spielfiguren setzt Shiny seine RT-DAT-Engine ( Real Time Deformation and Tessalation ),ein,aus;hinzu,Für die mit bis zu 8000 Polygonen dargestellten Spielfiguren setzt Shiny seine RT-DAT-Engine ( Real Time Deformation and Tessalation ) ein .,Shiny seine RT-DAT-Engine ( Real Time Deformation and Tessalation ),hdt-s55038,de_hdt-ud-train-a-1.conllu,-0.27266669273376465,-0.27266669273376465,-6.3364;-8.8015,-6.336360931396484,6.06369423866272,1
90,setzen,long,10,Die jetzt verkauften Systeme setzten gewissermaßen die schon seit einem halben Jahr laufende Pilotphase öffentlich,fort,zurück;entgegen,Die jetzt verkauften Systeme setzten gewissermaßen die schon seit einem halben Jahr laufende Pilotphase öffentlich fort .,gewissermaßen die schon seit einem halben Jahr laufende Pilotphase öffentlich,hdt-s13559,de_hdt-ud-test.conllu,-8.0016450881958,-8.0016450881958,-10.1520;-9.3473,-9.347317695617676,1.345672607421875,1
91,ziehen,short,1,Der Sänger Oliver Hartmann zog sich,zurück,hoch;vor,"Der Sänger Oliver Hartmann zog sich zurück, sein Platz wurde von Mats Levén (Ex - Yngwie Malmsteen) besetzt.",sich,train-s12425,de_gsd-ud-train.conllu,-6.555776596069336,-6.555776596069336,-10.8486;-4.5263,-4.526285171508789,-2.029491424560547,0
92,ziehen,short,1,"Nachdem AOL in der letzten Woche einen Messenger für Linux herausgebracht hat , zog Yahoo",nach,um;aus,"Nachdem AOL in der letzten Woche einen Messenger für Linux herausgebracht hat , zog Yahoo nach und veröffentlichte am Wochenende eine Unix-Variante seines eigenen Instant Messenger .",Yahoo,hdt-s20168,de_hdt-ud-train-a-1.conllu,-3.923057794570923,-3.923057794570923,-6.7900;-6.1657,-6.165740966796875,2.242683172225952,1
93,ziehen,short,2,Das Geschäft von Oracle ziehe langsam wieder,an,vor;um,Das Geschäft von Oracle ziehe langsam wieder an .,langsam wieder,hdt-s107043,de_hdt-ud-dev.conllu,-1.1382161378860474,-1.1382161378860474,-5.0734;-5.2380,-5.073427200317383,3.9352110624313354,1
94,ziehen,short,1,Microsoft zieht Spam-Filter,zurück,an;nach,Microsoft zieht Spam-Filter zurück .,Spam-Filter,hdt-s91896,de_hdt-ud-train-a-2.conllu,-4.006763935089111,-4.006763935089111,-3.2529;-3.7486,-3.2529492378234863,-0.753814697265625,0
95,ziehen,short,1,"Nach Angaben des Blattes erklärten Bankvertreter , die Gespräche zögen sich",hin,ab;weiter,"Nach Angaben des Blattes erklärten Bankvertreter , die Gespräche zögen sich hin .",sich,hdt-s134738,de_hdt-ud-train-b-1.conllu,-4.32166862487793,-4.32166862487793,-5.3701;-4.8100,-4.809995651245117,0.4883270263671875,1
96,ziehen,medium,3,Motorola zieht Klage gegen Intel,zurück,hoch;heraus,Motorola zieht Klage gegen Intel zurück,Klage gegen Intel,hdt-s48142,de_hdt-ud-train-a-1.conllu,-2.6852867603302,-2.6852867603302,-7.4273;-8.9265,-7.427309989929199,4.742023229598999,1
97,ziehen,medium,3,"Wenn man sie zwischen einem Professor oder dem Programm wählen ließ , zogen sie das Programm",vor,herab;heran,"Wenn man sie zwischen einem Professor oder dem Programm wählen ließ , zogen sie das Programm vor .",sie das Programm,hdt-s98955,de_hdt-ud-train-a-2.conllu,-3.7934064865112305,-3.7934064865112305,-9.1106;-6.5114,-6.511357665061951,2.71795117855072,1
98,ziehen,medium,3,Adobe zieht Anklage gegen eBook-Hacker,zurück,vor;aus,Adobe zieht Anklage gegen eBook-Hacker zurück,Anklage gegen eBook-Hacker,hdt-s193867,de_hdt-ud-train-b-2.conllu,-2.0284156799316406,-2.0284156799316406,-2.1508;-5.1041,-2.1508331298828125,0.12241744995117188,1
99,ziehen,medium,7,Ziehe man das Stromkabel aus einem fehlerhaften ISDN-Netzabschlussgerät,heraus,zurück;vorbei,"Ziehe man das Stromkabel aus einem fehlerhaften ISDN-Netzabschlussgerät heraus , könnten Metallstifte im Gerät abbrechen und im Stromkabel steckenbleiben .",man das Stromkabel aus einem fehlerhaften ISDN-Netzabschlussgerät,hdt-s200203,de_hdt-ud-train-b-2.conllu,-2.0232372283935547,-2.0232372283935547,-5.9618;-10.3553,-5.961763381958008,3.938526153564453,1
100,ziehen,medium,6,"Kamen 1997 gerade einmal 108.000 Besucher auf das alte Messegelände , zog die Systems dieses Jahr 147.000 Interessierte",an,zusammen;durch,"Kamen 1997 gerade einmal 108.000 Besucher auf das alte Messegelände , zog die Systems dieses Jahr 147.000 Interessierte an .",die Systems dieses Jahr 147.000 Interessierte,hdt-s142845,de_hdt-ud-train-b-1.conllu,-0.6082043051719666,-0.6082043051719666,-6.8442;-5.9894,-5.989376544952393,5.381172239780426,1
101,ziehen,long,13,Schätzungen zufolge zog das Fest schon in den 1990er Jahren acht - bis zehntausend auswärtige Besucher,an,zusammen;ein,"Schätzungen zufolge zog das Fest schon in den 1990er Jahren acht - bis zehntausend auswärtige Besucher an, so dass sich die Zahl der Menschen in der Kleinstadt an einem einzigen Tag auf das Drei - bis Vierfache erhöht.",das Fest schon in den 1990er Jahren acht - bis zehntausend auswärtige Besucher,train-s10483,de_gsd-ud-train.conllu,-0.13509848713874817,-0.13509848713874817,-7.5161;-5.9972,-5.997231483459473,5.8621329963207245,1
102,ziehen,long,11,"Meier wurde zunächst in die Kartause Ittingen überführt , später zog er sich in das Kloster St. Georgenberg bei Vomp in Tirol",zurück,zusammen;gleich,"Meier wurde zunächst in die Kartause Ittingen überführt, später zog er sich ins Kloster St. Georgenberg bei Vomp in Tirol zurück.",er sich in das Kloster St. Georgenberg bei Vomp in Tirol,train-s10381,de_gsd-ud-train.conllu,-0.04977543652057648,-0.04977543652057648,-11.4908;-16.0562,-11.490805625915527,11.44103018939495,1
103,ziehen,long,26,"Der Chipproduzent zieht sich mit dem Verkauf der drei DRAM-Fabriken in Italien beziehungsweise Richardson , Texas und Singapur sowie der Weitergabe von zwei Joint Ventures endgültig aus dem Speichergeschäft",zurück,zusammen;vorbei,"Der Chipproduzent zieht sich mit dem Verkauf der drei DRAM-Fabriken in Italien beziehungsweise Richardson , Texas und Singapur sowie der Weitergabe von zwei Joint Ventures endgültig aus dem Speichergeschäft zurück .","sich mit dem Verkauf der drei DRAM-Fabriken in Italien beziehungsweise Richardson , Texas und Singapur sowie der Weitergabe von zwei Joint Ventures endgültig aus dem Speichergeschäft",hdt-s189583,de_hdt-ud-train-b-2.conllu,-0.015998566523194313,-0.015998566523194313,-10.1289;-18.5987,-10.128898620605469,10.112900054082274,1
104,ziehen,long,8,Die Mehrzahl der Betroffenen zieht der Umfrage zufolge diese schriftliche Vereinbarung der Beobachtungsvariante,vor,ab;um,Die Mehrzahl der Betroffenen zieht der Umfrage zufolge diese schriftliche Vereinbarung der Beobachtungsvariante vor .,der Umfrage zufolge diese schriftliche Vereinbarung der Beobachtungsvariante,hdt-s193088,de_hdt-ud-train-b-2.conllu,-1.380791187286377,-1.380791187286377,-5.0054;-5.7529,-5.005375385284424,3.624584197998047,1
105,ziehen,long,10,Anders als die meisten Softwareunternehmen zieht der ehemalige Uni-Dozent seinen Nachwuchs nämlich in einer eigenen Akademie,heran,mit;herab,Anders als die meisten Softwareunternehmen zieht der ehemalige Uni-Dozent seinen Nachwuchs nämlich in einer eigenen Akademie heran .,der ehemalige Uni-Dozent seinen Nachwuchs nämlich in einer eigenen Akademie,hdt-s31997,de_hdt-ud-train-a-1.conllu,-6.615879934746772,-3.307939967373386,-3.6235;-18.7491,-3.623537302017212,-2.99234263272956,0
106,machen,short,2,""" Wir brauchen Transparenz , aber ich setze auf die aufgeklärte Gesellschaft "" , machte der SPD-Politiker",klar,her;dicht,""" Wir brauchen Transparenz , aber ich setze auf die aufgeklärte Gesellschaft "" , machte der SPD-Politiker klar .",der SPD-Politiker,hdt-s178107,de_hdt-ud-train-b-2.conllu,-1.7149220705032349,-1.7149220705032349,-9.7590;-8.3148,-8.314794540405273,6.599872469902039,1
107,machen,short,0,Mehr als 3.000 Handy-Besitzer machten,mit,bekannt;klar,"Mehr als 3.000 Handy-Besitzer machten mit und wurden von dem Geistlichen jeden Tag mit einem Bibelspruch versorgt , der für "" eine Unterbrechung im Alltag "" sorgen sollte .",,hdt-s180864,de_hdt-ud-train-b-2.conllu,-3.5329437255859375,-3.5329437255859375,-10.6361;-10.1179,-10.117864608764648,6.584920883178711,1
108,machen,short,1,Huck und Jim machen anfangs,mit,dicht;fest,"Huck und Jim machen anfangs mit, doch dann lassen sie den Plan auffliegen.",anfangs,train-s8307,de_gsd-ud-train.conllu,-4.260278701782227,-4.260278701782227,-7.6861;-7.7022,-7.6860809326171875,3.425802230834961,1
109,machen,short,1,Eine alte 150-mm-Wafer-Anlage in Sagamahira macht komplett,zu,bekannt;schwer,"Eine alte 150-mm-Wafer-Anlage in Sagamahira macht komplett zu , auch andere Fertigungsstraßen für diese Wafer sollen abgebaut werden .",komplett,hdt-s29778,de_hdt-ud-train-a-1.conllu,-5.979653358459473,-5.979653358459473,-11.7815;-11.8078,-11.78145694732666,5.8018035888671875,1
110,machen,short,1,Schauspielerin Sandra Bullock machte es,vor,mit;wett,Schauspielerin Sandra Bullock machte es vor .,es,hdt-s129432,de_hdt-ud-train-b-1.conllu,-2.681379795074463,-2.681379795074463,-3.5158;-9.8346,-3.5157570838928223,0.8343772888183594,1
111,machen,medium,5,Einen weiteren Grund für den Fusionsdrang der Unternehmen macht Deninger auch bei den Aktionären,aus,weiter;mit,Einen weiteren Grund für den Fusionsdrang der Unternehmen macht Deninger auch bei den Aktionären aus .,Deninger auch bei den Aktionären,hdt-s87852,de_hdt-ud-train-a-2.conllu,-2.256913423538208,-2.256913423538208,-7.2207;-5.2955,-5.295544624328613,3.0386312007904053,1
112,machen,medium,6,"Bezieht man die Kosten für hausinternes IT/TK-Personal mit ein , machen diese 41,1 Prozent des gesamten Investitionsvolumens",aus,zu;klar,"Bezieht man die Kosten für hausinternes IT/TK-Personal mit ein , machen diese 41,1 Prozent des gesamten Investitionsvolumens aus .","diese 41,1 Prozent des gesamten Investitionsvolumens",hdt-s48267,de_hdt-ud-train-a-1.conllu,-0.07799292355775833,-0.07799292355775833,-8.0044;-11.3224,-8.004446029663086,7.926453106105328,1
113,machen,medium,6,Sie machen laut Zieschang zwei Drittel der Kunden,aus,her;bekannt,Sie machen laut Zieschang zwei Drittel der Kunden aus .,laut Zieschang zwei Drittel der Kunden,hdt-s180811,de_hdt-ud-train-b-2.conllu,-2.0492162704467773,-2.0492162704467773,-9.2824;-9.4005,-9.282393455505371,7.233177185058594,1
114,machen,medium,6,"Zwar ist Online-Speicher schon heute günstig - oft genug in kleinen Portionen sogar durch Werbung quasi kostenlos , doch die hohen Verbindungskosten machen die schöne Idee zumindest in Deutschland",zunichte,mit;dicht,"Zwar ist Online-Speicher schon heute günstig - oft genug in kleinen Portionen sogar durch Werbung quasi kostenlos , doch die hohen Verbindungskosten machen die schöne Idee zumindest in Deutschland zunichte .",die schöne Idee zumindest in Deutschland,hdt-s106942,de_hdt-ud-dev.conllu,-5.482374589890242,-1.8274581966300805,-5.6377;-9.5214,-5.637742042541504,0.15536745265126228,1
115,machen,medium,3,"Der Vorstand macht 5,4 Milliarden Mark",locker,zu;fest,"Der Vorstand macht 5,4 Milliarden Mark locker, um die restlichen Aktien von Roussel Uclaf, die bereits mehrheitlich zur Gruppe gehörende französischen Pharmafirma, zu erwerben.","5,4 Milliarden Mark",train-s1841,de_gsd-ud-train.conllu,-9.662607590202242,-4.831303795101121,-4.4604;-8.5959,-4.460422992706299,-5.202184597495943,0
116,machen,long,9,"Intel sah den Grund für die gesunkenen Umsatzerwartungen bei der schwachen europäischen Nachfrage für Microprozessoren zu dem Bau von Computern , schließlich mache der PC-Sektor bei Intel einen Absatzanteil von 66 Prozent",aus,auf;wett,"Intel sah den Grund für die gesunkenen Umsatzerwartungen bei der schwachen europäischen Nachfrage für Microprozessoren zum Bau von Computern , schließlich mache der PC-Sektor bei Intel einen Absatzanteil von 66 Prozent aus .",der PC-Sektor bei Intel einen Absatzanteil von 66 Prozent,hdt-s53210,de_hdt-ud-train-a-1.conllu,-1.5710490942001343,-1.5710490942001343,-4.1470;-10.2853,-4.147026538848877,2.5759774446487427,1
117,machen,long,12,"Hanns-Eberhard Schleyer , Generalsekretär des Zentralverbands des Deutschen Handwerks , machte dagegen den "" inflexiblen Arbeitsmarkt "" als wichtigsten Stolperstein der New Economy",aus,her;locker,"Hanns-Eberhard Schleyer , Generalsekretär des Zentralverbands des Deutschen Handwerks , machte dagegen den "" inflexiblen Arbeitsmarkt "" als wichtigsten Stolperstein der New Economy aus , auf die sich auch die Handwerkerbranche spätestens seit dem Start des Portals Handwerk.de eingeschossen hat .","dagegen den "" inflexiblen Arbeitsmarkt "" als wichtigsten Stolperstein der New Economy",hdt-s39135,de_hdt-ud-train-a-1.conllu,-3.178823947906494,-3.178823947906494,-6.0661;-12.5526,-6.066099643707275,2.8872756958007812,1
118,machen,long,10,"Japanische Hersteller ( Hitachi , NEC , Fujitsu ) machen in der Top-500-Liste nur einen Anteil von etwa 10 Prozent",aus,auf;wett,"Japanische Hersteller ( Hitachi , NEC , Fujitsu ) machen in der Top-500-Liste nur einen Anteil von etwa 10 Prozent aus - und zum guten Schluss findet man darin auch noch vier Selbstbau-Cluster-Systeme einiger Unis .",in der Top-500-Liste nur einen Anteil von etwa 10 Prozent,hdt-s11146,de_hdt-ud-test.conllu,-0.6276342868804932,-0.6276342868804932,-5.6560;-11.2778,-5.65601921081543,5.0283849239349365,1
119,machen,long,9,Dieser Zuwachs von über 200 Millionen Mark macht mehr als die Hälfte der gesamten Umsatzsteigerung des Buchmarktes,aus,mit;frei,Dieser Zuwachs von über 200 Millionen Mark macht mehr als die Hälfte der gesamten Umsatzsteigerung des Buchmarktes aus .,mehr als die Hälfte der gesamten Umsatzsteigerung des Buchmarktes,hdt-s64897,de_hdt-ud-train-a-2.conllu,-0.6241538524627686,-0.6241538524627686,-6.0561;-11.3317,-6.056138038635254,5.431984186172485,1
120,machen,long,8,Zwar machten sie in dem Themenpark grobe Entgleisungen des Sponsoring,aus,bekannt;mit,Zwar machten sie im Themenpark grobe Entgleisungen des Sponsoring aus - etwa in Form einer Kinoachterbahn der Chemischen Industrie mit dem ausgewogenen Informationsgehalt einer Kaffeefahrt .,sie in dem Themenpark grobe Entgleisungen des Sponsoring,hdt-s173263,de_hdt-ud-train-b-2.conllu,-5.335509777069092,-5.335509777069092,-6.7847;-3.9823,-3.982287883758545,-1.3532218933105469,0
121,fallen,short,2,Völlig indiskutabel fiel die Helligkeitsverteilung,aus,zusammen;heraus,Völlig indiskutabel fiel die Helligkeitsverteilung aus .,die Helligkeitsverteilung,hdt-s107655,de_hdt-ud-dev.conllu,-2.7534093856811523,-2.7534093856811523,-7.6132;-6.2840,-6.283999443054199,3.530590057373047,1
122,fallen,short,2,Die zweite Maßnahme fällt weniger spektakulär,aus,zurück;ab,Die zweite Maßnahme fällt weniger spektakulär aus :,weniger spektakulär,hdt-s188496,de_hdt-ud-train-b-2.conllu,-0.009794983081519604,-0.009794983081519604,-13.8342;-9.9190,-9.918986320495605,9.909191337414086,1
123,fallen,short,2,Die normalen Mobilsurf-Gebühren fallen jedoch weiter,an,ein;flach,"Die normalen Mobilsurf-Gebühren fallen jedoch weiter an , also 39 Pfennig pro Minute im GSM-Netz beziehungsweise volumenbasiert über GPRS .",jedoch weiter,hdt-s18055,de_hdt-ud-test.conllu,-0.20565573871135712,-0.20565573871135712,-6.3642;-12.4791,-6.364232540130615,6.158576801419258,1
124,fallen,short,2,Bei dem Konkurrenten NEC fallen 4000 Arbeitsplätze,weg,flach;durch,Beim Konkurrenten NEC fallen 4000 Arbeitsplätze weg .,4000 Arbeitsplätze,hdt-s66342,de_hdt-ud-train-a-2.conllu,-0.2649732530117035,-0.2649732530117035,-13.0601;-5.9323,-5.932346820831299,5.667373567819595,1
125,fallen,short,1,Manchen Teilnehmern fiel jedoch,auf,an;flach,"Manchen Teilnehmern fiel jedoch auf , daß der angeblich Angerufene zum aufgeführten Zeitpunkt außer Haus oder gar außer Landes war .",jedoch,hdt-s72188,de_hdt-ud-train-a-2.conllu,-1.4859099388122559,-1.4859099388122559,-5.3929;-10.9191,-5.39288854598999,3.9069786071777344,1
126,fallen,medium,3,""" Zu dem Glück fällt die unselige Forderung",weg,durch;zurück,""" Zum Glück fällt die unselige Forderung weg , dass jedes noch so kleine Telekommunikationsgerätchen eine Überwachungsschnittstelle haben sollte "" , freut sich Gerhard Tamm , Telekommunikationsspezialist beim Branchenverband BITKOM .",die unselige Forderung,hdt-s158398,de_hdt-ud-train-b-1.conllu,-7.622628211975098,-7.622628211975098,-5.6017;-5.4171,-5.417078971862793,-2.2055492401123047,0
127,fallen,medium,6,""" In diesen Städten fällt fast die Hälfte des gesamten Telefonverkehrs",an,ein;zu,""" In diesen Städten fällt fast die Hälfte des gesamten Telefonverkehrs an und wir wollen im nächsten Jahr 400.000 bis 500.000 Kunden gewinnen "" , sagte Schmid .",fast die Hälfte des gesamten Telefonverkehrs,hdt-s73708,de_hdt-ud-train-a-2.conllu,-1.8642609119415283,-1.8642609119415283,-4.5891;-6.6198,-4.589053153991699,2.724792242050171,1
128,fallen,medium,4,Netscape fällt mit 33 Prozent weiter,zurück,auf;herein,Netscape fällt mit 33 Prozent weiter zurück .,mit 33 Prozent weiter,hdt-s8418,de_hdt-ud-dev.conllu,-2.7995765209198,-2.7995765209198,-1.8876;-8.7938,-1.8875548839569092,-0.9120216369628906,0
129,fallen,medium,3,Das Frühstück fällt nicht so üppig,aus,um;ein,"Das Frühstück fällt nicht so üppig aus, ist aber immer vollständig.",nicht so üppig,train-s830,de_gsd-ud-train.conllu,-0.005936135072261095,-0.005936135072261095,-14.4996;-10.0073,-10.007266998291016,10.001330863218755,1
130,fallen,medium,3,Auch die von Autonomen für den 17.6. angekündigten Chaos-Tage fielen mehr oder weniger,flach,weg;an,Auch die von Autonomen für den 17.6. angekündigten Chaos-Tage fielen mehr oder weniger flach .,mehr oder weniger,hdt-s98636,de_hdt-ud-train-a-2.conllu,-6.205846451222897,-3.1029232256114483,-4.4967;-6.3945,-4.496747016906738,-1.7090994343161583,0
131,fallen,long,11,"Der Entwurf falle hinter die schon bestehenden Landesgesetze in Brandenburg , Schleswig-Holstein und Berlin",zurück,ab;herein,"Der Entwurf falle hinter die schon bestehenden Landesgesetze in Brandenburg , Schleswig-Holstein und Berlin zurück .","hinter die schon bestehenden Landesgesetze in Brandenburg , Schleswig-Holstein und Berlin",hdt-s8471,de_hdt-ud-dev.conllu,-0.39133304357528687,-0.39133304357528687,-6.0479;-9.4814,-6.047861576080322,5.656528532505035,1
132,fallen,long,10,"Besonders stark fiel dies bei dem Spitzenmodell , dem Power Mac G4/500 ,",aus,an;um,"Besonders stark fiel dies beim Spitzenmodell , dem Power Mac G4/500 , aus :","dies bei dem Spitzenmodell , dem Power Mac G4/500 ,",hdt-s205794,de_hdt-ud-train-b-2.conllu,-1.9334601163864136,-1.9334601163864136,-6.5424;-8.5608,-6.542442321777344,4.60898220539093,1
133,fallen,long,10,Bei beiden Tarifmodellen fällt der gesamte Betrag für jeweils fünf Monate in dem Voraus,an,heraus;leicht,Bei beiden Tarifmodellen fällt der gesamte Betrag für jeweils fünf Monate im Voraus an .,der gesamte Betrag für jeweils fünf Monate in dem Voraus,hdt-s199943,de_hdt-ud-train-b-2.conllu,-3.6856839656829834,-3.6856839656829834,-6.6446;-11.7083,-6.644584655761719,2.9589006900787354,1
134,fallen,long,9,Letzte Woche fiel er mit einer seltsam aufgeregten Nachricht in dem Internet,auf,ab;auseinander,Letzte Woche fiel er mit einer seltsam aufgeregten Nachricht im Internet auf .,er mit einer seltsam aufgeregten Nachricht in dem Internet,hdt-s150353,de_hdt-ud-train-b-1.conllu,-1.2815529108047485,-1.2815529108047485,-5.0621;-8.9983,-5.062074184417725,3.780521273612976,1
135,fallen,long,9,"Zusätzlich fällt in dem PrivateNet-Tarif eine monatliche Grundgebühr von 9,90 Mark",an,durch;weg,"Zusätzlich fällt im PrivateNet-Tarif eine monatliche Grundgebühr von 9,90 Mark an - aber nur dann , wenn der Surfer den Zugang länger als fünf Stunden im Monat nutzt .","in dem PrivateNet-Tarif eine monatliche Grundgebühr von 9,90 Mark",hdt-s200338,de_hdt-ud-train-b-2.conllu,-0.07183177024126053,-0.07183177024126053,-9.1556;-8.8535,-8.853489875793457,8.781658105552197,1
136,laufen,short,1,Die längerfristige Strategie des Marktführers läuft darauf,hinaus,weiter;hinterher,"Die längerfristige Strategie des Marktführers läuft darauf hinaus , den Pentium-Prozessor durch den Pentium II abzulösen .",darauf,hdt-s60038,de_hdt-ud-train-a-1.conllu,-0.0016862234333530068,-0.0016862234333530068,-14.9122;-19.4799,-14.912210464477539,14.910524241044186,1
137,laufen,short,2,"Mit rund 70 Millionen verkaufter PCs wurden zwar etwa 10 Millionen Einheiten mehr als 1995 losgeschlagen , doch vor allem die unerwartet niedrigen Verkaufszahlen zu dem Jahresschluß liefen den Prognosen",zuwider,an;zu,"Mit rund 70 Millionen verkaufter PCs wurden zwar etwa 10 Millionen Einheiten mehr als 1995 losgeschlagen , doch vor allem die unerwartet niedrigen Verkaufszahlen zum Jahresschluß liefen den Prognosen zuwider und drückten das Gesamtergebnis .",den Prognosen,hdt-s90985,de_hdt-ud-train-a-2.conllu,-3.663164386874996,-1.2210547956249986,-7.3584;-3.5984,-3.5983850955963135,-0.06477929127868265,0
138,laufen,short,2,An dem Saisonende wurde lief Montadors Vertrag,aus,hinaus;hinterher,Am Saisonende wurde lief Montadors Vertrag aus und dieser unterschrieb einen Zweijahres - Vertrag bei den Buffalo Sabres.,Montadors Vertrag,train-s8562,de_gsd-ud-train.conllu,-3.554455280303955,-3.554455280303955,-11.8222;-17.1925,-11.822227478027344,8.267772197723389,1
139,laufen,short,2,An dem 11. August läuft eine Galgenfrist,aus,an;davon,"Am 11. August läuft eine Galgenfrist aus , nach der Richardson den Kreditgebern einen plausiblen Plan für die Reorganisation seines Unternehmens präsentieren muß .",eine Galgenfrist,hdt-s84484,de_hdt-ud-train-a-2.conllu,-4.531281471252441,-4.531281471252441,-4.1948;-10.0267,-4.194764137268066,-0.336517333984375,0
140,laufen,short,0,Der ICANN-Wahlkampf läuft,an,herab;hinaus,Der ICANN-Wahlkampf läuft an,,hdt-s36782,de_hdt-ud-train-a-1.conllu,-3.7167110443115234,-3.7167110443115234,-13.8775;-9.8143,-9.814327239990234,6.097616195678711,1
141,laufen,medium,4,""" Auch bei unseren Mitgliedern , also den registrierenden Providern , laufen scheinbar eine Menge Anfragen",auf,zuwider;heiss,""" Auch bei unseren Mitgliedern , also den registrierenden Providern , laufen scheinbar eine Menge Anfragen auf . """,scheinbar eine Menge Anfragen,hdt-s114237,de_hdt-ud-test.conllu,-3.5984089374542236,-3.5984089374542236,-14.3053;-14.3744,-14.30525279045105,10.706843852996826,1
142,laufen,medium,5,Diese Tariffestlegung der Regulierungsbehörde für Telekommunikation und Post ( RegTP ) läuft zu dem 31. März 2001,aus,durch;nach,Diese Tariffestlegung der Regulierungsbehörde für Telekommunikation und Post ( RegTP ) läuft zum 31. März 2001 aus .,zu dem 31. März 2001,hdt-s175475,de_hdt-ud-train-b-2.conllu,-0.3400465250015259,-0.3400465250015259,-7.0497;-8.2830,-7.049683094024658,6.709636569023132,1
143,laufen,medium,4,Meist laufen die Hinweise bei Hotline-Adressen,auf,nach;ein,Meist laufen die Hinweise bei Hotline-Adressen auf .,die Hinweise bei Hotline-Adressen,hdt-s114340,de_hdt-ud-test.conllu,-2.6646106243133545,-2.6646106243133545,-4.3531;-4.7071,-4.35312557220459,1.6885149478912354,1
144,laufen,medium,3,"Der große Bruder AMD Athlon mit derzeit maximal 1,4 GHz läuft all diesen Konfigurationen",davon,weiter;an,"Der große Bruder AMD Athlon mit derzeit maximal 1,4 GHz läuft all diesen Konfigurationen davon .",all diesen Konfigurationen,hdt-s185035,de_hdt-ud-train-b-2.conllu,-10.061291694641113,-10.061291694641113,-6.8732;-5.3465,-5.34647274017334,-4.714818954467773,0
145,laufen,medium,6,Computerspiele für Kinder laufen alt bewährten Spielen zunehmend den Rang,ab,aus;nach,Computerspiele für Kinder laufen alt bewährten Spielen zunehmend den Rang ab .,alt bewährten Spielen zunehmend den Rang,hdt-s61282,de_hdt-ud-train-a-2.conllu,-0.013307679444551468,-0.013307679444551468,-9.9714;-5.8630,-5.863016128540039,5.849708449095488,1
146,laufen,long,8,In dem September aber laufen die Übergangsverträge zwischen ICANN und dem amerikanischen Handelsministerium,aus,herab;weg,Im September aber laufen die Übergangsverträge zwischen ICANN und dem amerikanischen Handelsministerium aus .,die Übergangsverträge zwischen ICANN und dem amerikanischen Handelsministerium,hdt-s180295,de_hdt-ud-train-b-2.conllu,-0.8816562294960022,-0.8816562294960022,-13.6711;-6.5807,-6.580676555633545,5.699020326137543,1
147,laufen,long,15,Darüber hinaus läuft die chemische Freisetzung von Wasserstoff aus dem N - Ethylcarbazol ohne weitere Hilfsmittel vergleichsweise langsam,ab,davon;aus,"Darüber hinaus läuft die chemische Freisetzung von Wasserstoff aus dem N - Ethylcarbazol ohne weitere Hilfsmittel vergleichsweise langsam ab, was eine Fahrzeugbeschleunigung, wie sie im Automobilbau erwartet wird, nicht zustandekommen lässt.",die chemische Freisetzung von Wasserstoff aus dem N - Ethylcarbazol ohne weitere Hilfsmittel vergleichsweise langsam,train-s12812,de_gsd-ud-train.conllu,-0.6089471578598022,-0.6089471578598022,-10.6060;-4.0341,-4.034087657928467,3.4251405000686646,1
148,laufen,long,9,An dem 1. September läuft für Investoren die vertragliche Haltefrist über 170 Millionen Telekom-Papieren,aus,hinterher;hinaus,"Am 1. September läuft für Investoren die vertragliche Haltefrist über 170 Millionen Telekom-Papieren aus , die diese im Zuge der Übernahme des US-Mobilfunkanbieters VoiceStream erhalten hatten .",für Investoren die vertragliche Haltefrist über 170 Millionen Telekom-Papieren,hdt-s57800,de_hdt-ud-train-a-1.conllu,-1.7642908096313477,-1.7642908096313477,-10.2109;-5.4915,-5.491543769836426,3.727252960205078,1
149,laufen,long,8,Mit Torpedo Jaroslawl und seinem Stammklub SKA Sankt Petersburg lief er in einer Saison für zwei verschiedene Teams,auf,weiter;weg,Mit Torpedo Jaroslawl und seinem Stammklub SKA Sankt Petersburg lief er in einer Saison für zwei verschiedene Teams auf.,er in einer Saison für zwei verschiedene Teams,train-s6814,de_gsd-ud-train.conllu,-0.36902904510498047,-0.36902904510498047,-8.6532;-12.8994,-8.653164863586426,8.284135818481445,1
150,laufen,long,9,Nach Einschätzungen von Analysten und Industrievertretern laufen diese Ermittlungen unabhängig von der außergerichtlichen Einigung auf Hochtouren,weiter,zuwider;durch,Nach Einschätzungen von Analysten und Industrievertretern laufen diese Ermittlungen unabhängig von der außergerichtlichen Einigung auf Hochtouren weiter .,diese Ermittlungen unabhängig von der außergerichtlichen Einigung auf Hochtouren,hdt-s82562,de_hdt-ud-train-a-2.conllu,-7.933310508728027,-7.933310508728027,-17.9980;-8.4493,-8.449332237243652,0.516021728515625,1
151,bringen,short,2,Weiterhin brachte das Anklagebündnis,vor,um;an,"Weiterhin brachte das Anklagebündnis vor , dass Microsoft auch gegen Paragraf eins verstoße , indem der Softwarehersteller seine Monopolstellung durch die Bündelung des Internet Explorers mit dem Betriebssystem und durch Exklusiv-Verträge mit Soft- und Hardware-Unternehmen sowie Internet-Providern zu schützen und auszubauen versuche .",das Anklagebündnis,hdt-s31930,de_hdt-ud-train-a-1.conllu,-3.6602420806884766,-3.6602420806884766,-6.3957;-5.4348,-5.434759140014648,1.7745170593261719,1
152,bringen,short,2,""" Die Bildschirmerfahrungen bringen die Kinder",ab,an;heraus,""" Die Bildschirmerfahrungen bringen die Kinder ab von der realen physischen und sozialen Welt "" .",die Kinder,hdt-s204463,de_hdt-ud-train-b-2.conllu,-5.779468059539795,-5.779468059539795,-3.9331;-7.4037,-3.9331164360046387,-1.8463516235351562,0
153,bringen,short,1,"JBuilder unterstützt jetzt mehrere JDKs , bringt Swing-Komponenten",mit,ein;ab,"JBuilder unterstützt jetzt mehrere JDKs , bringt Swing-Komponenten mit und bietet CORBA-Integration mit dem VisiBroker 3.2 .",Swing-Komponenten,hdt-s121043,de_hdt-ud-test.conllu,-1.824216365814209,-1.824216365814209,-3.9296;-8.0572,-3.9296088218688965,2.1053924560546875,1
154,bringen,short,2,Compaq bringt neuen Alpha-Prozessor,heraus,fertig;auf,Compaq bringt neuen Alpha-Prozessor heraus,neuen Alpha-Prozessor,hdt-s116795,de_hdt-ud-test.conllu,-4.448352336883545,-4.448352336883545,-9.9928;-2.4962,-2.496242046356201,-1.9521102905273438,0
155,bringen,short,2,Eine Single-User-SQL-Datenbank bringt REALbasic ebenfalls,mit,ein;an,Eine Single-User-SQL-Datenbank bringt REALbasic ebenfalls mit .,REALbasic ebenfalls,hdt-s4244,de_hdt-ud-dev.conllu,-1.7598605155944824,-1.7598605155944824,-4.3334;-4.2409,-4.2409281730651855,2.481067657470703,1
156,bringen,medium,5,Dies brachte ihm polizeiliche Ermittlungen wegen Wahlbehinderung,ein,vor;bei,Dies brachte ihm polizeiliche Ermittlungen wegen Wahlbehinderung ein.,ihm polizeiliche Ermittlungen wegen Wahlbehinderung,train-s11832,de_gsd-ud-train.conllu,-0.5669060349464417,-0.5669060349464417,-4.3214;-4.8613,-4.321369171142578,3.7544631361961365,1
157,bringen,medium,7,Jedes Mitglied bringt 100 Millionen US-Dollar Startkapital in das Gemeinschaftsprojekt,ein,unter;fertig,Jedes Mitglied bringt 100 Millionen US-Dollar Startkapital in das Gemeinschaftsprojekt ein .,100 Millionen US-Dollar Startkapital in das Gemeinschaftsprojekt,hdt-s13916,de_hdt-ud-test.conllu,-2.1627633571624756,-2.1627633571624756,-6.5411;-13.8866,-6.54109001159668,4.378326654434204,1
158,bringen,medium,4,Das Flex-ATX-Board D810E2CB eignet sich für besonders kompakte Rechner und bringt optional sogar einen Onboard-LAN-Adapter,mit,ab;an,Das Flex-ATX-Board D810E2CB eignet sich für besonders kompakte Rechner und bringt optional sogar einen Onboard-LAN-Adapter mit .,optional sogar einen Onboard-LAN-Adapter,hdt-s40227,de_hdt-ud-train-a-1.conllu,-0.6048409938812256,-0.6048409938812256,-10.6166;-4.6244,-4.624418258666992,4.019577264785767,1
159,bringen,medium,6,In diese Verbindung bringt Adaptec die PCI-Satelliten-Karte Satellite Express ABA-1040,ein,nah;um,"In diese Verbindung bringt Adaptec die PCI-Satelliten-Karte Satellite Express ABA-1040 ein , während CyberStar über die Satelliten seiner Muttergesellschaft Loral Space & Communications die Netzwerkdienste zur Verfügung stellt .",Adaptec die PCI-Satelliten-Karte Satellite Express ABA-1040,hdt-s121652,de_hdt-ud-test.conllu,-4.4628496170043945,-4.4628496170043945,-13.5225;-8.0698,-8.069825172424316,3.606975555419922,1
160,bringen,medium,4,Motorola bringt VoxML in die Allianz,ein,an;ab,"Motorola bringt VoxML in die Allianz ein , eine XML-Sprache , die es erlaubt , Spracherkennungsfunktionen in Web-Seiten zu integrieren .",VoxML in die Allianz,hdt-s183002,de_hdt-ud-train-b-2.conllu,-5.4755144119262695,-5.4755144119262695,-8.4024;-8.2826,-8.282578468322754,2.8070640563964844,1
161,bringen,long,10,Der Clié PEG-S320 hat ein Monochrom-Display mit der Palm-OS-typischen Auflösung von 160 x 160 Bildpunkten und bringt wie alle Sony-Handhelds einen Einschub für den Sony-eigenen Memory Stick,mit,bei;nah,Der Clié PEG-S320 hat ein Monochrom-Display mit der Palm-OS-typischen Auflösung von 160 x 160 Bildpunkten und bringt wie alle Sony-Handhelds einen Einschub für den Sony-eigenen Memory Stick mit .,wie alle Sony-Handhelds einen Einschub für den Sony-eigenen Memory Stick,hdt-s190052,de_hdt-ud-train-b-2.conllu,-2.904050350189209,-2.904050350189209,-7.3358;-14.5997,-7.335805416107178,4.431755065917969,1
162,bringen,long,8,So brachte Yahoo fast gleichzeitig mit Microsoft einen eigenen Messenger,heraus,ab;bei,"So brachte Yahoo fast gleichzeitig mit Microsoft einen eigenen Messenger heraus , der ebenfalls auf die Buddy-Listen des AIM zugreifen konnte und prompt ebenso von AOL geblockt wurde .",Yahoo fast gleichzeitig mit Microsoft einen eigenen Messenger,hdt-s22623,de_hdt-ud-train-a-1.conllu,-3.560192823410034,-3.560192823410034,-8.9635;-5.8990,-5.899002552032471,2.3388097286224365,1
163,bringen,long,8,"In ihrer Spielpuppenserie G.I. Joe bringt Hasbro nun einen "" Navajo Code Talker """,heraus,ein;um,"In ihrer Spielpuppenserie G.I. Joe bringt Hasbro nun einen "" Navajo Code Talker "" heraus , zur Erinnerung an die Einheit von Navajo-Marines , die Funksprüche in ihrer Stammessprache verschlüsselten .","Hasbro nun einen "" Navajo Code Talker """,hdt-s143470,de_hdt-ud-train-b-1.conllu,-3.73111629486084,-3.73111629486084,-4.9976;-6.4121,-4.997576713562012,1.2664604187011719,1
164,bringen,long,10,Inktomi bringt seine Produkte aus dem Bereich der Internet-Software in die Partnerschaft,ein,mit;heraus,Inktomi bringt seine Produkte aus dem Bereich der Internet-Software in die Partnerschaft ein und verpflichtet sich zu einer Beteiligung an Primus .,seine Produkte aus dem Bereich der Internet-Software in die Partnerschaft,hdt-s30023,de_hdt-ud-train-a-1.conllu,-4.267620086669922,-4.267620086669922,-0.1055;-13.2197,-0.10554862022399902,-4.162071466445923,0
165,bringen,long,16,"Eine T&L-Einheit fehlt dem Kyro II allerdings immer noch , Dafür bringt er für DVD- und Video-Fans Motion-Compensation , 4:2:0 Overlay-Unterstützung , Sub-Picture-Blending , sowie Skalierung und Color-Keying",mit,nah;voran,"Eine T&L-Einheit fehlt dem Kyro II allerdings immer noch , Dafür bringt er für DVD- und Video-Fans Motion-Compensation , 4:2:0 Overlay-Unterstützung , Sub-Picture-Blending , sowie Skalierung und Color-Keying mit .","er für DVD- und Video-Fans Motion-Compensation , 4:2:0 Overlay-Unterstützung , Sub-Picture-Blending , sowie Skalierung und Color-Keying",hdt-s67496,de_hdt-ud-train-a-2.conllu,-1.434969186782837,-1.434969186782837,-10.2658;-8.3341,-8.334077596664429,6.899108409881592,1
166,schlagen,short,2,Nortel schlägt bei Web-Load-Balancern,zu,entgegen;zusammen,Nortel schlägt bei Web-Load-Balancern zu,bei Web-Load-Balancern,hdt-s174866,de_hdt-ud-train-b-2.conllu,-2.4848105907440186,-2.4848105907440186,-8.9798;-9.2169,-8.979817390441895,6.495006799697876,1
167,schlagen,short,2,"Die Kosten dafür sollen sich Eltern , Land und Industrie teilen , schlägt die Partei",vor,auf;drauf,"Die Kosten dafür sollen sich Eltern , Land und Industrie teilen , schlägt die Partei vor .",die Partei,hdt-s156909,de_hdt-ud-train-b-1.conllu,-0.3528849184513092,-0.3528849184513092,-5.9202;-12.8718,-5.920229434967041,5.567344516515732,1
168,schlagen,short,1,ZRW-Domain-Abzocker schlagen wieder,zu,durch;drauf,ZRW-Domain-Abzocker schlagen wieder zu,wieder,hdt-s113346,de_hdt-ud-test.conllu,-0.09805334359407425,-0.09805334359407425,-5.2985;-11.6379,-5.298481464385986,5.200428120791912,1
169,schlagen,short,1,Deshalb schlägt er,vor,zusammen;zurück,"Deshalb schlägt er vor , unter den Fraktionsmitgliedern Freiwillige zu suchen , die innerhalb der bestehenden IT-Infrastruktur des Bundestages den Einsatz von Linux und Windows 2000 erproben .",er,hdt-s69669,de_hdt-ud-train-a-2.conllu,-1.731125831604004,-1.731125831604004,-7.7501;-5.9277,-5.927735328674316,4.1966094970703125,1
170,schlagen,short,1,Anstatt key escrow schlägt er,vor,entgegen;ein,"Anstatt key escrow schlägt er vor , daß die Regierung doch Hacker oder vielmehr Cracker einstellen solle , um an die gewünschten Informationen heranzukommen .",er,hdt-s93830,de_hdt-ud-train-a-2.conllu,-2.000164031982422,-2.000164031982422,-10.6306;-4.3112,-4.311244964599609,2.3110809326171875,1
171,schlagen,medium,5,Der Bundesverband der Phonographischen Wirtschaft schlägt eine härtere Gangart gegen Musikpiraten,an,weiter;ein,Der Bundesverband der Phonographischen Wirtschaft schlägt eine härtere Gangart gegen Musikpiraten an .,eine härtere Gangart gegen Musikpiraten,hdt-s87323,de_hdt-ud-train-a-2.conllu,-6.55294942855835,-6.55294942855835,-11.0678;-3.8984,-3.8984463214874268,-2.654503107070923,0
172,schlagen,medium,7,Die Freiburger schlagen dafür einen Metallhydridspeicher der Firma GfE Metalle,vor,zu;los,Die Freiburger schlagen dafür einen Metallhydridspeicher der Firma GfE Metalle vor .,dafür einen Metallhydridspeicher der Firma GfE Metalle,hdt-s188833,de_hdt-ud-train-b-2.conllu,-5.412627220153809,-5.412627220153809,-5.5236;-11.9579,-5.523634910583496,0.1110076904296875,1
173,schlagen,medium,3,"Die wirtschaftlichen Schwierigkeiten , in die Computerhersteller Apple geraten ist , schlagen auf die Bauteilelieferanten",durch,vor;an,"Die wirtschaftlichen Schwierigkeiten , in die Computerhersteller Apple geraten ist , schlagen auf die Bauteilelieferanten durch .",auf die Bauteilelieferanten,hdt-s89072,de_hdt-ud-train-a-2.conllu,-5.383765697479248,-5.383765697479248,-5.3151;-6.4209,-5.315051555633545,-0.06871414184570312,0
174,schlagen,medium,3,Stattdessen schlägt Microsoft einzelne Regeln,vor,weiter;zusammen,"Stattdessen schlägt Microsoft einzelne Regeln vor , an die sich der Konzern in Zukunft halten will .",Microsoft einzelne Regeln,hdt-s142122,de_hdt-ud-train-b-1.conllu,-0.44733911752700806,-0.44733911752700806,-9.1261;-9.1517,-9.126126289367676,8.678787171840668,1
175,schlagen,medium,7,Schlägt der Anbieter mehr als 2 Millionen Telefon-CDs,los,drauf;zusammen,"Schlägt der Anbieter mehr als 2 Millionen Telefon-CDs los , berechnet die Telekom nach diesen Informationen für jede weitere verkaufte CD 45 Pfennige Lizenzgebühr .",der Anbieter mehr als 2 Millionen Telefon-CDs,hdt-s91343,de_hdt-ud-train-a-2.conllu,-7.690896987915039,-7.690896987915039,-8.4525;-6.9331,-6.93311882019043,-0.7577781677246094,0
176,schlagen,long,9,Stattdessen schlug der Konzern gewisse Beschränkungen und Regeln für seine Geschäftspolitik,vor,weiter;los,Stattdessen schlug der Konzern gewisse Beschränkungen und Regeln für seine Geschäftspolitik vor .,der Konzern gewisse Beschränkungen und Regeln für seine Geschäftspolitik,hdt-s180524,de_hdt-ud-train-b-2.conllu,-0.6152716279029846,-0.6152716279029846,-8.1284;-10.5686,-8.128432273864746,7.5131606459617615,1
177,schlagen,long,17,"Außerdem schlägt AMD einen neuen seriellen System-Bus namens LTD ( Lightning Data Transport ) mit 1,6 Gbit/s pro Pin",vor,zurück;fehl,"Außerdem schlägt AMD einen neuen seriellen System-Bus namens LTD ( Lightning Data Transport ) mit 1,6 Gbit/s pro Pin vor , der für schnelleren I/O und Multiprocessing vorgesehen ist .","AMD einen neuen seriellen System-Bus namens LTD ( Lightning Data Transport ) mit 1,6 Gbit/s pro Pin",hdt-s50111,de_hdt-ud-train-a-1.conllu,-0.030585182830691338,-0.030585182830691338,-10.1164;-12.8970,-10.116400718688965,10.085815535858274,1
178,schlagen,long,8,"Trotz der Versuche , dies mehr oder weniger elegant zu überspielen , schlug Cisco dann bei der Ersten sich bietenden Gelegenheit",zu,aus;auf,"Trotz der Versuche , dies mehr oder weniger elegant zu überspielen , schlug Cisco dann bei der Ersten sich bietenden Gelegenheit zu .",Cisco dann bei der Ersten sich bietenden Gelegenheit,hdt-s154511,de_hdt-ud-train-b-1.conllu,-3.994502067565918,-3.994502067565918,-5.2544;-3.3072,-3.3071699142456055,-0.6873321533203125,0
179,schlagen,long,27,"Als mögliche Qualifikationen für eine law.proAdresse schlagen Register.Com und Virtual Internet beispielsweise abgeschlossene Examina , die Akkreditierung bei einer berufsständischen Organisationen ( wie der Anwaltskammer ) oder die Zugehörigkeit zu einem Organ der Rechtspflege",vor,aus;weiter,"Als mögliche Qualifikationen für eine law.proAdresse schlagen Register.Com und Virtual Internet beispielsweise abgeschlossene Examina , die Akkreditierung bei einer berufsständischen Organisationen ( wie der Anwaltskammer ) oder die Zugehörigkeit zu einem Organ der Rechtspflege vor .","Register.Com und Virtual Internet beispielsweise abgeschlossene Examina , die Akkreditierung bei einer berufsständischen Organisationen ( wie der Anwaltskammer ) oder die Zugehörigkeit zu einem Organ der Rechtspflege",hdt-s143130,de_hdt-ud-train-b-1.conllu,-0.9754600524902344,-0.9754600524902344,-4.9114;-11.1057,-4.911426544189453,3.9359664916992188,1
180,schlagen,long,8,Anscheinend schlägt der Preisrutsch bei Computern mittlerweile auf die Bilanzen,durch,herum;los,Anscheinend schlägt der Preisrutsch bei Computern mittlerweile auf die Bilanzen durch .,der Preisrutsch bei Computern mittlerweile auf die Bilanzen,hdt-s86492,de_hdt-ud-train-a-2.conllu,-5.6656293869018555,-5.6656293869018555,-8.7390;-6.5489,-6.548850059509277,0.8832206726074219,1
181,führen,short,1,Der AStA führt hingegen,an,ein;auf,"Der AStA führt hingegen an , daß es sich dabei um Dokumentationen alter Ausgaben der AStA-Zeitungen handelt .",hingegen,hdt-s101015,de_hdt-ud-train-a-2.conllu,-4.180438041687012,-4.180438041687012,-2.8747;-4.6437,-2.8747358322143555,-1.3057022094726562,0
182,führen,short,2,Amazon.com führt dies darauf,zurück,auf;hindurch,"Amazon.com führt dies darauf zurück , dass viele außeramerikanische Kunden im vierten Quartal 2000 in den Amazon-Filialen der jeweiligen Länder eingekauft hätten .",dies darauf,hdt-s180113,de_hdt-ud-train-b-2.conllu,-0.06209791451692581,-0.06209791451692581,-9.0555;-21.4136,-9.055465698242188,8.993367783725262,1
183,führen,short,2,Niedersachsen führt digitale Signaturen,ein,aus;irre,Niedersachsen führt digitale Signaturen ein,digitale Signaturen,hdt-s173691,de_hdt-ud-train-b-2.conllu,-1.153680443763733,-1.153680443763733,-3.9077;-15.4180,-3.907651424407959,2.753970980644226,1
184,führen,short,1,"Damit könnten sich die Unternehmen viel Arbeit bei der Rekurtierung von neuem Personal ersparen , führte Görblich",aus,an;ab,"Damit könnten sich die Unternehmen viel Arbeit bei der Rekurtierung von neuem Personal ersparen , führte Görblich aus .",Görblich,hdt-s39360,de_hdt-ud-train-a-1.conllu,-0.7399336099624634,-0.7399336099624634,-2.3906;-5.2936,-2.390617847442627,1.6506842374801636,1
185,führen,short,1,"Hier stehe Intel in dem harten Wettbewerb mit IBM , führte Maloney",aus,vorbei;irre,"Hier stehe Intel im harten Wettbewerb mit IBM , führte Maloney aus .",Maloney,hdt-s194543,de_hdt-ud-train-b-2.conllu,-1.4238066673278809,-1.4238066673278809,-11.8929;-15.2625,-11.89289665222168,10.469089984893799,1
186,führen,medium,5,In dem Oktober 2000 führte Red Herring die zweiwöchige Erscheinungsweise,ein,irre;fort,"Im Oktober 2000 führte Red Herring die zweiwöchige Erscheinungsweise ein , um den Bedarf der Anzeigenkunden decken zu können .",Red Herring die zweiwöchige Erscheinungsweise,hdt-s193304,de_hdt-ud-train-b-2.conllu,-4.153750419616699,-4.153750419616699,-15.9042;-4.4269,-4.4268598556518555,0.27310943603515625,1
187,führen,medium,6,"Andere Anbieter ziehen nach , so führte in medias res jetzt Kontopass Net900",ein,weiter;auf,"Andere Anbieter ziehen nach , so führte in medias res jetzt Kontopass Net900 ein .",in medias res jetzt Kontopass Net900,hdt-s190573,de_hdt-ud-train-b-2.conllu,-2.5083069801330566,-2.5083069801330566,-5.8354;-4.2521,-4.252111911773682,1.743804931640625,1
188,führen,medium,3,Als weiteres Argument führte Microsoft vor Gericht,an,fort;weiter,"Als weiteres Argument führte Microsoft vor Gericht an , dass Hersteller schließlich nicht für die Preise der Händler zur Verantwortung gezogen werden könnten .",Microsoft vor Gericht,hdt-s67129,de_hdt-ud-train-a-2.conllu,-1.1900932788848877,-1.1900932788848877,-8.3441;-7.0973,-7.097254753112793,5.907161474227905,1
189,führen,medium,7,Mit dem Gamecube führt Nintendo ein neues Speichermedium für die Spiele,ein,vor;hinab,Mit dem Gamecube führt Nintendo ein neues Speichermedium für die Spiele ein .,Nintendo ein neues Speichermedium für die Spiele,hdt-s109121,de_hdt-ud-dev.conllu,-0.7143435478210449,-0.7143435478210449,-3.9317;-12.0975,-3.9316744804382324,3.2173309326171875,1
190,führen,medium,6,Knorr führte hier vor allem das Dresdner Infineon-Werk,an,fort;ein,"Knorr führte hier vor allem das Dresdner Infineon-Werk an , in dem seit kurzem Speicherchips aus 300-Millimenter-Wafern gefertigt werden .",hier vor allem das Dresdner Infineon-Werk,hdt-s36890,de_hdt-ud-train-a-1.conllu,-3.731412887573242,-3.731412887573242,-5.3059;-2.4104,-2.410402297973633,-1.3210105895996094,0
191,führen,long,17,Die US-Forscherin Patricia Greenfield führt besonders den steilen Intelligenzanstieg der vergangenen 25 Jahre auf den Siegeszug des Computers und der visuellen Medien,zurück,irre;vorbei,Die US-Forscherin Patricia Greenfield führt besonders den steilen Intelligenzanstieg der vergangenen 25 Jahre auf den Siegeszug des Computers und der visuellen Medien zurück .,besonders den steilen Intelligenzanstieg der vergangenen 25 Jahre auf den Siegeszug des Computers und der visuellen Medien,hdt-s148988,de_hdt-ud-train-b-1.conllu,-0.08432640880346298,-0.08432640880346298,-18.5920;-14.7785,-14.778525352478027,14.694198943674564,1
192,führen,long,11,"Ein konservativer Modus etwa führt lediglich die wirklich notwendigen , ein progressiver Modus alle möglichen Änderungen",durch,weiter;hindurch,"Ein konservativer Modus etwa führt lediglich die wirklich notwendigen , ein progressiver Modus alle möglichen Änderungen durch .","lediglich die wirklich notwendigen , ein progressiver Modus alle möglichen Änderungen",hdt-s196673,de_hdt-ud-train-b-2.conllu,-3.289632797241211,-3.289632797241211,-7.6547;-12.6756,-7.654657363891602,4.365024566650391,1
193,führen,long,10,Der zu dem Lieferumfang von Mac OS X 10.1 gehörende Web-Browser Internet Explorer 5.1 von Microsoft führt unter Umständen Programme nach dem Download sofort und ohne Nachfrage,aus,hindurch;zusammen,Der zum Lieferumfang von Mac OS X 10.1 gehörende Web-Browser Internet Explorer 5.1 von Microsoft führt unter Umständen Programme nach dem Download sofort und ohne Nachfrage aus .,unter Umständen Programme nach dem Download sofort und ohne Nachfrage,hdt-s3387,de_hdt-ud-dev.conllu,-1.0888129472732544,-1.0888129472732544,-10.0888;-8.6023,-8.602252006530762,7.513439059257507,1
194,führen,long,11,Der japanische Konzern Fujitsu führt in Deutschland zu dem ersten Mal die Liste der erfolgreichsten Computerhersteller,an,ein;zusammen,Der japanische Konzern Fujitsu führt in Deutschland zum ersten Mal die Liste der erfolgreichsten Computerhersteller an - die Lebensmittelkette Aldi rangiert bereits auf Platz drei .,in Deutschland zu dem ersten Mal die Liste der erfolgreichsten Computerhersteller,hdt-s81659,de_hdt-ud-train-a-2.conllu,-2.9192867279052734,-2.9192867279052734,-2.8691;-3.6756,-2.8691463470458984,-0.050140380859375,0
195,führen,long,9,"Kurskorrekturen führte der interne Computer des "" Falken "" aber selbst",aus,fort;weiter,"Kurskorrekturen führte der interne Computer des "" Falken "" aber selbst aus .","der interne Computer des "" Falken "" aber selbst",hdt-s68285,de_hdt-ud-train-a-2.conllu,-4.0089216232299805,-4.0089216232299805,-7.9406;-5.3781,-5.3780622482299805,1.369140625,1
196,treten,short,2,Die Wirtschaftsberaterin Dyson war erste Präsidentin der auf Betreiben der US-Regierung gegründeten ICANN geworden ; sie tritt Ende 2000,zurück,entgegen;heran,Die Wirtschaftsberaterin Dyson war erste Präsidentin der auf Betreiben der US-Regierung gegründeten ICANN geworden ; sie tritt Ende 2000 zurück .,Ende 2000,hdt-s161412,de_hdt-ud-train-b-1.conllu,-1.4855610132217407,-1.4855610132217407,-10.0129;-10.9690,-10.012935638427734,8.527374625205994,1
197,treten,short,0,Transmetas Chef Ditzel tritt,zurück,vor;zutage,Transmetas Chef Ditzel tritt zurück,,hdt-s185109,de_hdt-ud-train-b-2.conllu,-2.443190336227417,-2.443190336227417,-5.1070;-12.0984,-5.1069536209106445,2.6637632846832275,1
198,treten,short,2,"Die Gattung ist neotropisch verbreitet , nur Perigonia lusca tritt in Nordamerika",auf,zurück;hervor,"Die Gattung ist neotropisch verbreitet, nur Perigonia lusca tritt in Nordamerika auf.",in Nordamerika,train-s3795,de_gsd-ud-train.conllu,-0.6077221632003784,-0.6077221632003784,-9.4112;-9.5762,-9.411154747009277,8.803432583808899,1
199,treten,short,1,Die erwähnten Probleme mit der Speicherkarte träten zwar,auf,ab;los,"Die erwähnten Probleme mit der Speicherkarte träten zwar auf , aber nicht in einem Ausmaß , das eine Rückrufaktion erfordern würde .",zwar,hdt-s191338,de_hdt-ud-train-b-2.conllu,-2.677023410797119,-2.677023410797119,-6.1264;-9.9966,-6.1264214515686035,3.4493980407714844,1
200,treten,short,2,SGI tritt Linux International,bei,entgegen;zusammen,SGI tritt Linux International bei,Linux International,hdt-s192709,de_hdt-ud-train-b-2.conllu,-2.829077959060669,-2.829077959060669,-7.0108;-5.5624,-5.562350273132324,2.7332723140716553,1
201,treten,medium,3,In dem Mai dieses Jahres trat der erste Fehler,auf,ein;ab,"Im Mai dieses Jahres trat der erste Fehler auf , der jedoch nicht so schwerwiegend war .",der erste Fehler,hdt-s36313,de_hdt-ud-train-a-1.conllu,-1.9660357236862183,-1.9660357236862183,-2.5640;-8.3129,-2.5640201568603516,0.5979844331741333,1
202,treten,medium,7,Nach dem Kongress traten jedoch FRETILIN und UDT aus dem CNRT,aus,zusammen;ein,"Nach dem Kongress traten jedoch FRETILIN und UDT aus dem CNRT aus, um sich bei den anstehenden Wahlen als eigenständige Parteien präsentieren zu können.",jedoch FRETILIN und UDT aus dem CNRT,train-s14069,de_gsd-ud-train.conllu,-1.7784030437469482,-1.7784030437469482,-2.3863;-7.0593,-2.3863322734832764,0.6079292297363281,1
203,treten,medium,7,"Damit trat "" Launch Manager "" Jeff Austin Befürchtungen",entgegen,heran;ab,"Damit trat "" Launch Manager "" Jeff Austin Befürchtungen entgegen , es könnte sich um eine reine Papier-Vorstellung handeln wie beim Gigahertz-Pentium III .",""" Launch Manager "" Jeff Austin Befürchtungen",hdt-s187702,de_hdt-ud-train-b-2.conllu,-1.9129962921142578,-1.9129962921142578,-13.6349;-5.2519,-5.251867294311523,3.3388710021972656,1
204,treten,medium,5,Okamoto tritt die Nachfolge von Clent Richardson,an,ein;zurück,"Okamoto tritt die Nachfolge von Clent Richardson an , der Apple Anfang April verlassen hatte .",die Nachfolge von Clent Richardson,hdt-s3225,de_hdt-ud-dev.conllu,-0.5621428489685059,-0.5621428489685059,-4.7265;-6.6660,-4.726499080657959,4.164356231689453,1
205,treten,medium,7,Ein ähnliches Problem tritt bei GPS ( Global Positioning System ),auf,ab;heran,"Ein ähnliches Problem tritt bei GPS ( Global Positioning System ) auf , allerdings schon im August 1999 .",bei GPS ( Global Positioning System ),hdt-s190608,de_hdt-ud-train-b-2.conllu,-1.0053653717041016,-1.0053653717041016,-8.3021;-12.2338,-8.30213737487793,7.296772003173828,1
206,treten,long,11,Nach Angaben beider Hersteller tritt an dem 19. Januar das Konkursgericht ( US Bankruptcy Court ),zusammen,auf;vor,"Nach Angaben beider Hersteller tritt am 19. Januar das Konkursgericht ( US Bankruptcy Court ) zusammen , um mit den Parteien die Verkaufsmodalitäten zu beraten .",an dem 19. Januar das Konkursgericht ( US Bankruptcy Court ),hdt-s83561,de_hdt-ud-train-a-2.conllu,-7.08065938949585,-7.08065938949585,-4.2760;-3.8914,-3.8913588523864746,-3.189300537109375,0
207,treten,long,9,Aufgrund des bereits erfolgten Insolvenzantrags tritt die IT-Media nicht die Rechtsnachfolge der alten Firma Publix,an,hervor;aus,Aufgrund des bereits erfolgten Insolvenzantrags tritt die IT-Media nicht die Rechtsnachfolge der alten Firma Publix an .,die IT-Media nicht die Rechtsnachfolge der alten Firma Publix,hdt-s41498,de_hdt-ud-train-a-1.conllu,-1.3256089687347412,-1.3256089687347412,-8.7478;-5.0901,-5.090078353881836,3.7644693851470947,1
208,treten,long,8,Nach einer Kontroverse trat Stein 1861 enttäuscht von seinem Amt als Rabbiner,zurück,auf;ab,Nach einer Kontroverse trat Stein 1861 enttäuscht von seinem Amt als Rabbiner zurück.,Stein 1861 enttäuscht von seinem Amt als Rabbiner,train-s6529,de_gsd-ud-train.conllu,-0.3068970739841461,-0.3068970739841461,-4.8068;-5.1275,-4.806805610656738,4.499908536672592,1
209,treten,long,9,"Charmant tritt die virtuelle Beraterin der Deutschen Bank , Cor@ ,",auf,los;ein,"Charmant tritt die virtuelle Beraterin der Deutschen Bank , Cor@ , auf .","die virtuelle Beraterin der Deutschen Bank , Cor@ ,",hdt-s48247,de_hdt-ud-train-a-1.conllu,-1.7883254289627075,-1.7883254289627075,-7.9203;-4.0229,-4.022944450378418,2.2346190214157104,1
210,treten,long,8,In Mexiko trat er auch 1911 in das Noviziat in Puebla,ein,vor;an,In Mexiko trat er auch 1911 in das Noviziat in Puebla ein und legte im Jahr darauf seine ersten Gelübde ab.,er auch 1911 in das Noviziat in Puebla,train-s12133,de_gsd-ud-train.conllu,-0.02780996263027191,-0.02780996263027191,-10.5355;-6.0105,-6.010506629943848,5.982696667313576,1
211,finden,short,2,Zu der Zeit findet eine Kampagne,statt,zusammen;heraus,"Zur Zeit findet eine Kampagne statt , die alles in den Schatten stellt , was es bisher an Online-Reklame für ein Kinoereignis gab .",eine Kampagne,hdt-s125153,de_hdt-ud-train-b-1.conllu,-1.7706800699234009,-1.7706800699234009,-7.2253;-8.7895,-7.225260257720947,5.454580187797546,1
212,finden,short,2,In Rahmen des Festivals finden verschiedene Wettbewerbe,statt,heraus;vor,In Rahmen des Festivals finden verschiedene Wettbewerbe statt:,verschiedene Wettbewerbe,train-s11063,de_gsd-ud-train.conllu,-0.7114290595054626,-0.7114290595054626,-10.2606;-5.9006,-5.900599956512451,5.1891708970069885,1
213,finden,short,0,Die Marktforscher fanden,heraus,an;zurück,"Die Marktforscher fanden heraus , dass Napster nicht nur auf Campus-Rechnern oder privaten PCs genutzt wird , sondern dass die Software inzwischen auch auf fast 900.000 Büro-Computern installiert ist .",,hdt-s33954,de_hdt-ud-train-a-1.conllu,-1.745369791984558,-1.745369791984558,-5.4698;-9.9678,-5.46981143951416,3.724441647529602,1
214,finden,short,1,Ein Verkauf finde nicht,statt,wieder;ein,"Ein Verkauf finde nicht statt , betonte Bernhard Gold .",nicht,hdt-s118351,de_hdt-ud-test.conllu,-1.073181390762329,-1.073181390762329,-6.6519;-6.1152,-6.115217208862305,5.042035818099976,1
215,finden,short,1,Außerdem fand er,heraus,an;wieder,"Außerdem fand er heraus , dass bislang lediglich in 21 Prozent der Behörden alle Mitarbeiter einen Internetzugriff haben .",er,hdt-s31724,de_hdt-ud-train-a-1.conllu,-4.532333850860596,-4.532333850860596,-4.9187;-6.3172,-4.918724536895752,0.38639068603515625,1
216,finden,medium,5,Die Spiele fanden an drei Tagen in Helsinki,statt,ein;zurecht,"Die Spiele fanden an drei Tagen in Helsinki statt, nur das erste Spiel der russischen Mannschaft wurde in Moskau ausgetragen.",an drei Tagen in Helsinki,train-s13909,de_gsd-ud-train.conllu,-0.6082631349563599,-0.6082631349563599,-10.7691;-17.6224,-10.769086837768555,10.160823702812195,1
217,finden,medium,4,Der nächste Weltingenieurstag findet darum 2004 in China,statt,wieder;ein,Der nächste Weltingenieurstag findet darum 2004 in China statt .,darum 2004 in China,hdt-s157263,de_hdt-ud-train-b-1.conllu,-0.03909515589475632,-0.03909515589475632,-7.9446;-9.4615,-7.944623947143555,7.905528791248798,1
218,finden,medium,6,Dort findet bis Freitag die Internationale Automatenfachmesse IMA,statt,ein;zurecht,Dort findet bis Freitag die Internationale Automatenfachmesse IMA statt .,bis Freitag die Internationale Automatenfachmesse IMA,hdt-s151955,de_hdt-ud-train-b-1.conllu,-1.1116461753845215,-1.1116461753845215,-5.5860;-16.1984,-5.585973262786865,4.474327087402344,1
219,finden,medium,7,"Während in AOLburg das Netz strahlt , findet in Benzgart der längste Tag der Welt",statt,ein;zurück,"Während in AOLburg das Netz strahlt , findet in Benzgart der längste Tag der Welt statt .",in Benzgart der längste Tag der Welt,hdt-s123720,de_hdt-ud-train-b-1.conllu,-0.29830557107925415,-0.29830557107925415,-5.3043;-9.2639,-5.3043365478515625,5.006030976772308,1
220,finden,medium,4,Die an dem kommenden Montag beginnende Versteigerung finde zu einem günstigen Zeitpunkt,statt,zurecht;zusammen,"Die am kommenden Montag beginnende Versteigerung finde zu einem günstigen Zeitpunkt statt , sagte der Präsident der Behörde , Klaus-Dieter Scheurle , am heutigen Freitag in Bonn .",zu einem günstigen Zeitpunkt,hdt-s174878,de_hdt-ud-train-b-2.conllu,-0.16542750597000122,-0.16542750597000122,-14.1118;-8.0477,-8.047682762145996,7.882255256175995,1
221,finden,long,19,"Parallel zu den Tests finden in Intels Performance Microprocessor Division in Oregon auf zwei Ebenene fortlaufend Überprüfungen des Designs ( "" Bug-Suche "" )",statt,ein;wieder,"Parallel zu den Tests finden in Intels Performance Microprocessor Division in Oregon auf zwei Ebenene fortlaufend Überprüfungen des Designs ( "" Bug-Suche "" ) statt .","in Intels Performance Microprocessor Division in Oregon auf zwei Ebenene fortlaufend Überprüfungen des Designs ( "" Bug-Suche "" )",hdt-s13751,de_hdt-ud-test.conllu,-0.694129467010498,-0.694129467010498,-7.6087;-10.0605,-7.60866117477417,6.914531707763672,1
222,finden,long,9,So findet auch dieses Jahr parallel wieder die Linux Business Expo,statt,zurück;wieder,"So findet auch dieses Jahr parallel wieder die Linux Business Expo statt ; und im Angesicht des Internet steht die diesjährige Veranstaltung unter dem Slogan Community , Content , Commerce .",auch dieses Jahr parallel wieder die Linux Business Expo,hdt-s144630,de_hdt-ud-train-b-1.conllu,-0.40579599142074585,-0.40579599142074585,-10.9707;-6.4718,-6.471778869628906,6.06598287820816,1
223,finden,long,9,An diesem Wochenende findet in Düsseldorf zu dem fünften Mal das BeOS-Anwendertreffen BeGeistert!,statt,ab;ein,An diesem Wochenende findet in Düsseldorf zum fünften Mal das BeOS-Anwendertreffen BeGeistert! statt .,in Düsseldorf zu dem fünften Mal das BeOS-Anwendertreffen BeGeistert!,hdt-s119321,de_hdt-ud-test.conllu,-0.10255017131567001,-0.10255017131567001,-8.5624;-8.9301,-8.562423706054688,8.459873534739017,1
224,finden,long,11,Zu dem Teil finde der Unterricht aber auch in Zukunft noch in dem realen Raum,statt,zurück;zurecht,"Zum Teil finde der Unterricht aber auch in Zukunft noch im realen Raum statt , sagte Sauter .",der Unterricht aber auch in Zukunft noch in dem realen Raum,hdt-s178996,de_hdt-ud-train-b-2.conllu,-0.7483914494514465,-0.7483914494514465,-7.8724;-9.4395,-7.872361660003662,7.123970210552216,1
225,finden,long,22,Zu der Zeit findet eine Verschiebung der weltweiten Absätze von den zu dem großen Teil gesättigten Märkten USA und Westeuropa zu den asiatischen und lateinamerikanischen Ländern,statt,ein;zusammen,Zur Zeit findet eine Verschiebung der weltweiten Absätze von den zum großen Teil gesättigten Märkten USA und Westeuropa zu den asiatischen und lateinamerikanischen Ländern statt .,eine Verschiebung der weltweiten Absätze von den zu dem großen Teil gesättigten Märkten USA und Westeuropa zu den asiatischen und lateinamerikanischen Ländern,hdt-s205649,de_hdt-ud-train-b-2.conllu,-0.06888312846422195,-0.06888312846422195,-7.6356;-9.4214,-7.6355791091918945,7.566695980727673,1
226,halten,short,2,"Den Verkauf der Kundendaten hat die US-amerikanische Federal Trade Commission ( FTC ) nun aber verboten - außer , der Online-Laden hält einige Bedingungen",ein,stand;durch,"Den Verkauf der Kundendaten hat die US-amerikanische Federal Trade Commission ( FTC ) nun aber verboten - außer , der Online-Laden hält einige Bedingungen ein .",einige Bedingungen,hdt-s164567,de_hdt-ud-train-b-2.conllu,-2.3433077335357666,-2.3433077335357666,-9.1054;-6.5018,-6.50177001953125,4.158462285995483,1
227,halten,short,1,Die Zahl der Swisscom-Mobilkunden ist um weitere 259.000 gestiegen ; auch der SMS-Boom hält weiter,an,stand;dagegen,Die Zahl der Swisscom-Mobilkunden ist um weitere 259.000 gestiegen ; auch der SMS-Boom hält weiter an .,weiter,hdt-s166749,de_hdt-ud-train-b-2.conllu,-0.013060147874057293,-0.013060147874057293,-9.6177;-12.0905,-9.617728233337402,9.604668085463345,1
228,halten,short,2,""" Zu der Zeit hält die Branche",ein,entgegen;offen,""" Zur Zeit hält die Branche ein , um tief Atem zu holen , aber die Nachfrage wird danach unausweichlich wieder ansteigen "" .",die Branche,hdt-s194546,de_hdt-ud-train-b-2.conllu,-4.450519561767578,-4.450519561767578,-9.5396;-7.3576,-7.357582092285156,2.907062530517578,1
229,halten,short,1,"Roy McDonald , Präsident von Connectix , hält dem",entgegen,aufrecht;auf,"Roy McDonald , Präsident von Connectix , hält dem entgegen , daß bereits die Version 1.0 des Emulators Vorkehrungen gegen Raubkopien enthalten habe .",dem,hdt-s77631,de_hdt-ud-train-a-2.conllu,-4.821681022644043,-4.821681022644043,-12.8179;-7.1268,-7.126799583435059,2.3051185607910156,1
230,halten,short,1,Die Spekulationen über mögliche Übernahmekandidaten hielten unterdessen,an,entgegen;zusammen,Die Spekulationen über mögliche Übernahmekandidaten hielten unterdessen an und gingen weit auseinander .,unterdessen,hdt-s174917,de_hdt-ud-train-b-2.conllu,-0.43401724100112915,-0.43401724100112915,-11.6823;-8.2163,-8.21629524230957,7.782278001308441,1
231,halten,medium,3,Allerdings hielten die Musikkonzerne daran,fest,an;zugute,"Allerdings hielten die Musikkonzerne daran fest , dass eine Gesetzesänderung nicht notwendig sei und sogar der Piraterie in die Hände spielen könnte .",die Musikkonzerne daran,hdt-s143414,de_hdt-ud-train-b-1.conllu,-0.03985709697008133,-0.03985709697008133,-8.8446;-17.2200,-8.84459400177002,8.804736904799938,1
232,halten,medium,3,"Die Regulierungsbehörde hatte bekräftigt , sie halte an den Lizenzbedingungen",fest,fern;wach,"Die Regulierungsbehörde hatte bekräftigt , sie halte an den Lizenzbedingungen fest , nach denen jeder Anbieter sein eigenes UMTS-Netz aufbauen muss .",an den Lizenzbedingungen,hdt-s61444,de_hdt-ud-train-a-2.conllu,-0.1575818657875061,-0.1575818657875061,-14.3240;-14.0789,-14.078914165496826,13.92133229970932,1
233,halten,medium,6,"Carsten Aevermann , Geschäftsführer von Form & Vision , hält trotz der Insolvenz an dem Eclipse-Konzept",fest,frei;bereit,"Carsten Aevermann , Geschäftsführer von Form & Vision , hält trotz der Insolvenz am Eclipse-Konzept fest .",trotz der Insolvenz an dem Eclipse-Konzept,hdt-s16353,de_hdt-ud-test.conllu,-0.010698109865188599,-0.010698109865188599,-14.3051;-14.7142,-14.305061340332031,14.294363230466843,1
234,halten,medium,5,"Bei der Anwahl der T-Online-Nummer 0191011 berechnete zu dem einen das Online-Unternehmen seine üblichen Surf- und Telefonkosten , doch zusätzlich hielt auch Mannesmann Arcor die Hand",auf,ab;aufrecht,"Bei der Anwahl der T-Online-Nummer 0191011 berechnete zum einen das Online-Unternehmen seine üblichen Surf- und Telefonkosten , doch zusätzlich hielt auch Mannesmann Arcor die Hand auf :",auch Mannesmann Arcor die Hand,hdt-s72874,de_hdt-ud-train-a-2.conllu,-2.525956869125366,-2.525956869125366,-5.8968;-8.7233,-5.896760940551758,3.3708040714263916,1
235,halten,medium,4,Otto hält damit an den Prognosen,fest,fern;zugute,"Otto hält damit an den Prognosen fest , die er bereits vor zwei Jahren abgegeben hat .",damit an den Prognosen,hdt-s121948,de_hdt-ud-test.conllu,-2.0952706336975098,-2.0952706336975098,-11.7779;-14.7530,-11.777920722961426,9.682650089263916,1
236,halten,long,14,Trotz weiterer rechtlicher Schritte der US-Plattenindustrie gegen Napster hält die Bertelsmann eCommerce Group ( BeCG ) an der Allianz mit der umstrittenen Musiktauschbörse,fest,dagegen;an,Trotz weiterer rechtlicher Schritte der US-Plattenindustrie gegen Napster hält die Bertelsmann eCommerce Group ( BeCG ) an der Allianz mit der umstrittenen Musiktauschbörse fest .,die Bertelsmann eCommerce Group ( BeCG ) an der Allianz mit der umstrittenen Musiktauschbörse,hdt-s138311,de_hdt-ud-train-b-1.conllu,-6.444853782653809,-6.444853782653809,-11.3683;-6.8296,-6.829611778259277,0.38475799560546875,1
237,halten,long,9,Unter ftp://ftp.tbeach.com/pub/tbs/pinnacle_fiji/ hält Turtle Beach jetzt den fälligen Patch-Editor ( ppe_b2.zip ),bereit,wach;vor,Unter ftp://ftp.tbeach.com/pub/tbs/pinnacle_fiji/ hält Turtle Beach jetzt den fälligen Patch-Editor ( ppe_b2.zip ) bereit .,Turtle Beach jetzt den fälligen Patch-Editor ( ppe_b2.zip ),hdt-s83601,de_hdt-ud-train-a-2.conllu,-0.3631865978240967,-0.3631865978240967,-16.3326;-4.4532,-4.453225135803223,4.090038537979126,1
238,halten,long,9,Rund 21 Prozent halten sich weniger als drei Stunden wöchentlich in dem Web,auf,aus;an,"Rund 21 Prozent halten sich weniger als drei Stunden wöchentlich im Web auf , während dies nur bei 14 Prozent der Männer der Fall ist .",sich weniger als drei Stunden wöchentlich in dem Web,hdt-s15604,de_hdt-ud-test.conllu,-5.521650314331055,-5.521650314331055,-7.3083;-6.3758,-6.375783920288086,0.8541336059570312,1
239,halten,long,8,"Und die ersten Anbieter stellen zwar WAP-Dienste in dem Internet zu der Verfügung , einige halten sich angesichts der nicht verfügbaren Endgeräte aber noch",zurück,entgegen;vor,"Und die ersten Anbieter stellen zwar WAP-Dienste im Internet zur Verfügung , einige halten sich angesichts der nicht verfügbaren Endgeräte aber noch zurück .",sich angesichts der nicht verfügbaren Endgeräte aber noch,hdt-s173636,de_hdt-ud-train-b-2.conllu,-1.2806504964828491,-1.2806504964828491,-13.7608;-6.9023,-6.902263164520264,5.6216126680374146,1
240,halten,long,12,Zugleich hielt die christliche Theologie damit an der Einheit des Alten und Neuen Testaments,fest,frei;entgegen,Zugleich hielt die christliche Theologie damit an der Einheit des Alten und Neuen Testaments fest: Der Gott Israels ist und bleibt als der Vater Jesu Christi der Schöpfer und Erlöser der ganzen Welt.,die christliche Theologie damit an der Einheit des Alten und Neuen Testaments,train-s11372,de_gsd-ud-train.conllu,-0.02045302279293537,-0.02045302279293537,-14.7585;-11.5061,-11.506068229675293,11.485615206882358,1
241,sehen,short,2,Die Standards AGP-1X und -2X sahen beide Signalpegel,vor,an;gegenüber,"Die Standards AGP-1X und -2X sahen beide Signalpegel vor , erst AGP-4X funktioniert ausschließlich mit 1,5 Volt .",beide Signalpegel,hdt-s185536,de_hdt-ud-train-b-2.conllu,-4.959492206573486,-4.959492206573486,-4.6327;-6.6065,-4.632660388946533,-0.3268318176269531,0
242,sehen,short,1,"Eine fünf Jahre währende Kooperation , die an dem 1. Januar 2001 auslief , sah umgkehrt",vor,ein;zu,"Eine fünf Jahre währende Kooperation , die am 1. Januar 2001 auslief , sah umgkehrt vor , dass Microsoft AOLs Online-Dienst werbewirksam auf dem Windows-Desktop verlinkt .",umgkehrt,hdt-s115176,de_hdt-ud-test.conllu,-2.219541549682617,-2.219541549682617,-3.9554;-5.2921,-3.9554004669189453,1.7358589172363281,1
243,sehen,short,0,Der Übernahmevertrag sieht,vor,ab;aus,"Der Übernahmevertrag sieht vor , dass Atmel in dem Werk Anlagen zur Herstellung von Flash-Speicherchips und Mikrocontrollern in 0,18-µm-Strukturen für CMOS- , BiCMOS- und SiGe-Prozesse installiert .",,hdt-s43613,de_hdt-ud-train-a-1.conllu,-1.3837227821350098,-1.3837227821350098,-6.5877;-6.9151,-6.587679386138916,5.203956604003906,1
244,sehen,short,2,Sieht ganz so,aus,hinweg;vor,"Sieht ganz so aus , als ob die Gleichberechtigung nun wirklich Einzug in die Computerwelt halten würde oder bislang unbemerkt vollzogen wurde .",ganz so,hdt-s14773,de_hdt-ud-test.conllu,-0.29168567061424255,-0.29168567061424255,-15.6054;-7.2056,-7.205580234527588,6.913894563913345,1
245,sehen,short,0,Der Desktop-Rechner sieht,aus,an;zu,Der Desktop-Rechner sieht aus wie eine graue Version des iMac und soll laut Gateway unter 500 US-Dollar kosten .,,hdt-s132215,de_hdt-ud-train-b-1.conllu,-2.6174583435058594,-2.6174583435058594,-5.4172;-5.8827,-5.417209625244141,2.7997512817382812,1
246,sehen,medium,7,So sieht es zumindest nach einer Börsenpflichtmitteilung des Unternehmens,aus,gegenüber;vor,So sieht es zumindest nach einer Börsenpflichtmitteilung des Unternehmens aus .,es zumindest nach einer Börsenpflichtmitteilung des Unternehmens,hdt-s21089,de_hdt-ud-train-a-1.conllu,-0.041263945400714874,-0.041263945400714874,-11.6520;-7.0687,-7.068726062774658,7.027462117373943,1
247,sehen,medium,5,Das erste Modell sieht einen Jahresbeitrag von 69 Mark,vor,hinweg;gegenüber,"Das erste Modell sieht einen Jahresbeitrag von 69 Mark vor , während im Normaltarif jährlich 118,80 Mark anfallen .",einen Jahresbeitrag von 69 Mark,hdt-s42,de_hdt-ud-dev.conllu,-2.4829118251800537,-2.4829118251800537,-13.4365;-7.5945,-7.594465255737305,5.111553430557251,1
248,sehen,medium,3,Schon der Finanzbericht für das dritte Quartal sah nicht besonders rosig,aus,vor;zu,Schon der Finanzbericht für das dritte Quartal sah nicht besonders rosig aus :,nicht besonders rosig,hdt-s133060,de_hdt-ud-train-b-1.conllu,-0.014637111686170101,-0.014637111686170101,-8.4897;-7.9894,-7.989353179931641,7.9747160682454705,1
249,sehen,medium,3,Anders sieht das bei Notebooks,aus,hinweg;vor,"Anders sieht das bei Notebooks aus , hier soll in 3 Jahren ein System marktreif sein .",das bei Notebooks,hdt-s157074,de_hdt-ud-train-b-1.conllu,-0.5620639324188232,-0.5620639324188232,-14.6109;-5.8890,-5.88895320892334,5.326889276504517,1
250,sehen,medium,3,Das Unternehmen werde es auf eine gerichtliche Auseinandersetzung ankommen lassen und sehe dieser mit Ruhe,entgegen,hinweg;vor,Das Unternehmen werde es auf eine gerichtliche Auseinandersetzung ankommen lassen und sehe dieser mit Ruhe entgegen .,dieser mit Ruhe,hdt-s166871,de_hdt-ud-train-b-2.conllu,-0.9863143563270569,-0.9863143563270569,-14.9504;-4.3071,-4.30713415145874,3.3208197951316833,1
251,sehen,long,18,"Demgegenüber sehen die 9 Prozent Marktanteil der großen drei Pocket-PC-Hersteller ( Compaq , HP und Casio ) doch recht mager",aus,vor;um,"Demgegenüber sehen die 9 Prozent Marktanteil der großen drei Pocket-PC-Hersteller ( Compaq , HP und Casio ) doch recht mager aus .","die 9 Prozent Marktanteil der großen drei Pocket-PC-Hersteller ( Compaq , HP und Casio ) doch recht mager",hdt-s68084,de_hdt-ud-train-a-2.conllu,-0.006865009665489197,-0.006865009665489197,-9.7523;-11.9252,-9.752328872680664,9.745463863015175,1
252,sehen,long,11,"Solange die Querelen andauern , werden die Endkunden auf die Kabel-Highspeed-Anschlüsse weiter warten müssen - sieht man von wenigen Glücklichen wie beispielsweise in Memmingen oder in Berlin",ab,zu;entgegen,"Solange die Querelen andauern , werden die Endkunden auf die Kabel-Highspeed-Anschlüsse weiter warten müssen - sieht man von wenigen Glücklichen wie beispielsweise in Memmingen oder in Berlin ab .",man von wenigen Glücklichen wie beispielsweise in Memmingen oder in Berlin,hdt-s147082,de_hdt-ud-train-b-1.conllu,-2.228210926055908,-2.228210926055908,-6.4405;-10.1543,-6.440506458282471,4.2122955322265625,1
253,sehen,long,10,Das Rechtsabkommen in der Fassung von dem 15. Mai sieht in Artikel 17 bis 22 Regelungen zu der grenzüberschreitenden Kommunikationsüberwachung,vor,voraus;ein,Das Rechtsabkommen in der Fassung vom 15. Mai sieht in Artikel 17 bis 22 Regelungen zur grenzüberschreitenden Kommunikationsüberwachung vor .,in Artikel 17 bis 22 Regelungen zu der grenzüberschreitenden Kommunikationsüberwachung,hdt-s101901,de_hdt-ud-train-a-2.conllu,-0.3486517071723938,-0.3486517071723938,-8.5769;-5.6292,-5.629215240478516,5.280563533306122,1
254,sehen,long,19,"Als kritisch sah er die "" Pufferung "" beziehungsweise Speicherung der abgehörten Telekommunikationsinhalte vor der Übermittlung an die "" berechtigte Stelle """,an,vor;voraus,"Als kritisch sah er die "" Pufferung "" beziehungsweise Speicherung der abgehörten Telekommunikationsinhalte vor der Übermittlung an die "" berechtigte Stelle "" an .","er die "" Pufferung "" beziehungsweise Speicherung der abgehörten Telekommunikationsinhalte vor der Übermittlung an die "" berechtigte Stelle """,hdt-s194334,de_hdt-ud-train-b-2.conllu,-2.3823728561401367,-2.3823728561401367,-3.4854;-4.9551,-3.485377311706543,1.1030044555664062,1
255,sehen,long,10,"Wann erneut umgestellt wird , konnte Seibel nicht sagen , der Update-Plan sehe aber zu der Sicherheit "" ausreichend "" Tage an Reserve",vor,ab;ein,"Wann erneut umgestellt wird , konnte Seibel nicht sagen , der Update-Plan sehe aber zur Sicherheit "" ausreichend "" Tage an Reserve vor .","aber zu der Sicherheit "" ausreichend "" Tage an Reserve",hdt-s75399,de_hdt-ud-train-a-2.conllu,-2.1923580169677734,-2.1923580169677734,-6.5078;-6.3028,-6.302831649780273,4.1104736328125,1
